subject_id,session_id,timestep,view_id,image_path,expression,split
SYN000,synthetic_000_00,0,cam_01,data/synthetic/crops/synthetic_000_00/0000_cam_01.png,neutral,train
SYN000,synthetic_000_00,0,cam_02,data/synthetic/crops/synthetic_000_00/0000_cam_02.png,neutral,train
SYN000,synthetic_000_00,0,cam_03,data/synthetic/crops/synthetic_000_00/0000_cam_03.png,neutral,train
SYN000,synthetic_000_00,0,cam_04,data/synthetic/crops/synthetic_000_00/0000_cam_04.png,neutral,train
SYN000,synthetic_000_00,1,cam_01,data/synthetic/crops/synthetic_000_00/0001_cam_01.png,neutral,train
SYN000,synthetic_000_00,1,cam_02,data/synthetic/crops/synthetic_000_00/0001_cam_02.png,neutral,train
SYN000,synthetic_000_00,1,cam_03,data/synthetic/crops/synthetic_000_00/0001_cam_03.png,neutral,train
SYN000,synthetic_000_00,1,cam_04,data/synthetic/crops/synthetic_000_00/0001_cam_04.png,neutral,train
SYN000,synthetic_000_00,2,cam_01,data/synthetic/crops/synthetic_000_00/0002_cam_01.png,happiness,train
SYN000,synthetic_000_00,2,cam_02,data/synthetic/crops/synthetic_000_00/0002_cam_02.png,happiness,train
SYN000,synthetic_000_00,2,cam_03,data/synthetic/crops/synthetic_000_00/0002_cam_03.png,happiness,train
SYN000,synthetic_000_00,2,cam_04,data/synthetic/crops/synthetic_000_00/0002_cam_04.png,happiness,train
SYN000,synthetic_000_00,3,cam_01,data/synthetic/crops/synthetic_000_00/0003_cam_01.png,happiness,train
SYN000,synthetic_000_00,3,cam_02,data/synthetic/crops/synthetic_000_00/0003_cam_02.png,happiness,train
SYN000,synthetic_000_00,3,cam_03,data/synthetic/crops/synthetic_000_00/0003_cam_03.png,happiness,train
SYN000,synthetic_000_00,3,cam_04,data/synthetic/crops/synthetic_000_00/0003_cam_04.png,happiness,train
SYN000,synthetic_000_00,4,cam_01,data/synthetic/crops/synthetic_000_00/0004_cam_01.png,sadness,train
SYN000,synthetic_000_00,4,cam_02,data/synthetic/crops/synthetic_000_00/0004_cam_02.png,sadness,train
SYN000,synthetic_000_00,4,cam_03,data/synthetic/crops/synthetic_000_00/0004_cam_03.png,sadness,train
SYN000,synthetic_000_00,4,cam_04,data/synthetic/crops/synthetic_000_00/0004_cam_04.png,sadness,train
SYN000,synthetic_000_00,5,cam_01,data/synthetic/crops/synthetic_000_00/0005_cam_01.png,sadness,train
SYN000,synthetic_000_00,5,cam_02,data/synthetic/crops/synthetic_000_00/0005_cam_02.png,sadness,train
SYN000,synthetic_000_00,5,cam_03,data/synthetic/crops/synthetic_000_00/0005_cam_03.png,sadness,train
SYN000,synthetic_000_00,5,cam_04,data/synthetic/crops/synthetic_000_00/0005_cam_04.png,sadness,train
SYN000,synthetic_000_00,6,cam_01,data/synthetic/crops/synthetic_000_00/0006_cam_01.png,anger,train
SYN000,synthetic_000_00,6,cam_02,data/synthetic/crops/synthetic_000_00/0006_cam_02.png,anger,train
SYN000,synthetic_000_00,6,cam_03,data/synthetic/crops/synthetic_000_00/0006_cam_03.png,anger,train
SYN000,synthetic_000_00,6,cam_04,data/synthetic/crops/synthetic_000_00/0006_cam_04.png,anger,train
SYN000,synthetic_000_00,7,cam_01,data/synthetic/crops/synthetic_000_00/0007_cam_01.png,anger,train
SYN000,synthetic_000_00,7,cam_02,data/synthetic/crops/synthetic_000_00/0007_cam_02.png,anger,train
SYN000,synthetic_000_00,7,cam_03,data/synthetic/crops/synthetic_000_00/0007_cam_03.png,anger,train
SYN000,synthetic_000_00,7,cam_04,data/synthetic/crops/synthetic_000_00/0007_cam_04.png,anger,train
SYN000,synthetic_000_01,0,cam_01,data/synthetic/crops/synthetic_000_01/0000_cam_01.png,happiness,train
SYN000,synthetic_000_01,0,cam_02,data/synthetic/crops/synthetic_000_01/0000_cam_02.png,happiness,train
SYN000,synthetic_000_01,0,cam_03,data/synthetic/crops/synthetic_000_01/0000_cam_03.png,happiness,train
SYN000,synthetic_000_01,0,cam_04,data/synthetic/crops/synthetic_000_01/0000_cam_04.png,happiness,train
SYN000,synthetic_000_01,1,cam_01,data/synthetic/crops/synthetic_000_01/0001_cam_01.png,happiness,train
SYN000,synthetic_000_01,1,cam_02,data/synthetic/crops/synthetic_000_01/0001_cam_02.png,happiness,train
SYN000,synthetic_000_01,1,cam_03,data/synthetic/crops/synthetic_000_01/0001_cam_03.png,happiness,train
SYN000,synthetic_000_01,1,cam_04,data/synthetic/crops/synthetic_000_01/0001_cam_04.png,happiness,train
SYN000,synthetic_000_01,2,cam_01,data/synthetic/crops/synthetic_000_01/0002_cam_01.png,sadness,train
SYN000,synthetic_000_01,2,cam_02,data/synthetic/crops/synthetic_000_01/0002_cam_02.png,sadness,train
SYN000,synthetic_000_01,2,cam_03,data/synthetic/crops/synthetic_000_01/0002_cam_03.png,sadness,train
SYN000,synthetic_000_01,2,cam_04,data/synthetic/crops/synthetic_000_01/0002_cam_04.png,sadness,train
SYN000,synthetic_000_01,3,cam_01,data/synthetic/crops/synthetic_000_01/0003_cam_01.png,sadness,train
SYN000,synthetic_000_01,3,cam_02,data/synthetic/crops/synthetic_000_01/0003_cam_02.png,sadness,train
SYN000,synthetic_000_01,3,cam_03,data/synthetic/crops/synthetic_000_01/0003_cam_03.png,sadness,train
SYN000,synthetic_000_01,3,cam_04,data/synthetic/crops/synthetic_000_01/0003_cam_04.png,sadness,train
SYN000,synthetic_000_01,4,cam_01,data/synthetic/crops/synthetic_000_01/0004_cam_01.png,anger,train
SYN000,synthetic_000_01,4,cam_02,data/synthetic/crops/synthetic_000_01/0004_cam_02.png,anger,train
SYN000,synthetic_000_01,4,cam_03,data/synthetic/crops/synthetic_000_01/0004_cam_03.png,anger,train
SYN000,synthetic_000_01,4,cam_04,data/synthetic/crops/synthetic_000_01/0004_cam_04.png,anger,train
SYN000,synthetic_000_01,5,cam_01,data/synthetic/crops/synthetic_000_01/0005_cam_01.png,anger,train
SYN000,synthetic_000_01,5,cam_02,data/synthetic/crops/synthetic_000_01/0005_cam_02.png,anger,train
SYN000,synthetic_000_01,5,cam_03,data/synthetic/crops/synthetic_000_01/0005_cam_03.png,anger,train
SYN000,synthetic_000_01,5,cam_04,data/synthetic/crops/synthetic_000_01/0005_cam_04.png,anger,train
SYN000,synthetic_000_01,6,cam_01,data/synthetic/crops/synthetic_000_01/0006_cam_01.png,fear,train
SYN000,synthetic_000_01,6,cam_02,data/synthetic/crops/synthetic_000_01/0006_cam_02.png,fear,train
SYN000,synthetic_000_01,6,cam_03,data/synthetic/crops/synthetic_000_01/0006_cam_03.png,fear,train
SYN000,synthetic_000_01,6,cam_04,data/synthetic/crops/synthetic_000_01/0006_cam_04.png,fear,train
SYN000,synthetic_000_01,7,cam_01,data/synthetic/crops/synthetic_000_01/0007_cam_01.png,fear,train
SYN000,synthetic_000_01,7,cam_02,data/synthetic/crops/synthetic_000_01/0007_cam_02.png,fear,train
SYN000,synthetic_000_01,7,cam_03,data/synthetic/crops/synthetic_000_01/0007_cam_03.png,fear,train
SYN000,synthetic_000_01,7,cam_04,data/synthetic/crops/synthetic_000_01/0007_cam_04.png,fear,train
SYN001,synthetic_001_00,0,cam_01,data/synthetic/crops/synthetic_001_00/0000_cam_01.png,happiness,train
SYN001,synthetic_001_00,0,cam_02,data/synthetic/crops/synthetic_001_00/0000_cam_02.png,happiness,train
SYN001,synthetic_001_00,0,cam_03,data/synthetic/crops/synthetic_001_00/0000_cam_03.png,happiness,train
SYN001,synthetic_001_00,0,cam_04,data/synthetic/crops/synthetic_001_00/0000_cam_04.png,happiness,train
SYN001,synthetic_001_00,1,cam_01,data/synthetic/crops/synthetic_001_00/0001_cam_01.png,happiness,train
SYN001,synthetic_001_00,1,cam_02,data/synthetic/crops/synthetic_001_00/0001_cam_02.png,happiness,train
SYN001,synthetic_001_00,1,cam_03,data/synthetic/crops/synthetic_001_00/0001_cam_03.png,happiness,train
SYN001,synthetic_001_00,1,cam_04,data/synthetic/crops/synthetic_001_00/0001_cam_04.png,happiness,train
SYN001,synthetic_001_00,2,cam_01,data/synthetic/crops/synthetic_001_00/0002_cam_01.png,sadness,train
SYN001,synthetic_001_00,2,cam_02,data/synthetic/crops/synthetic_001_00/0002_cam_02.png,sadness,train
SYN001,synthetic_001_00,2,cam_03,data/synthetic/crops/synthetic_001_00/0002_cam_03.png,sadness,train
SYN001,synthetic_001_00,2,cam_04,data/synthetic/crops/synthetic_001_00/0002_cam_04.png,sadness,train
SYN001,synthetic_001_00,3,cam_01,data/synthetic/crops/synthetic_001_00/0003_cam_01.png,sadness,train
SYN001,synthetic_001_00,3,cam_02,data/synthetic/crops/synthetic_001_00/0003_cam_02.png,sadness,train
SYN001,synthetic_001_00,3,cam_03,data/synthetic/crops/synthetic_001_00/0003_cam_03.png,sadness,train
SYN001,synthetic_001_00,3,cam_04,data/synthetic/crops/synthetic_001_00/0003_cam_04.png,sadness,train
SYN001,synthetic_001_00,4,cam_01,data/synthetic/crops/synthetic_001_00/0004_cam_01.png,anger,train
SYN001,synthetic_001_00,4,cam_02,data/synthetic/crops/synthetic_001_00/0004_cam_02.png,anger,train
SYN001,synthetic_001_00,4,cam_03,data/synthetic/crops/synthetic_001_00/0004_cam_03.png,anger,train
SYN001,synthetic_001_00,4,cam_04,data/synthetic/crops/synthetic_001_00/0004_cam_04.png,anger,train
SYN001,synthetic_001_00,5,cam_01,data/synthetic/crops/synthetic_001_00/0005_cam_01.png,anger,train
SYN001,synthetic_001_00,5,cam_02,data/synthetic/crops/synthetic_001_00/0005_cam_02.png,anger,train
SYN001,synthetic_001_00,5,cam_03,data/synthetic/crops/synthetic_001_00/0005_cam_03.png,anger,train
SYN001,synthetic_001_00,5,cam_04,data/synthetic/crops/synthetic_001_00/0005_cam_04.png,anger,train
SYN001,synthetic_001_00,6,cam_01,data/synthetic/crops/synthetic_001_00/0006_cam_01.png,fear,train
SYN001,synthetic_001_00,6,cam_02,data/synthetic/crops/synthetic_001_00/0006_cam_02.png,fear,train
SYN001,synthetic_001_00,6,cam_03,data/synthetic/crops/synthetic_001_00/0006_cam_03.png,fear,train
SYN001,synthetic_001_00,6,cam_04,data/synthetic/crops/synthetic_001_00/0006_cam_04.png,fear,train
SYN001,synthetic_001_00,7,cam_01,data/synthetic/crops/synthetic_001_00/0007_cam_01.png,fear,train
SYN001,synthetic_001_00,7,cam_02,data/synthetic/crops/synthetic_001_00/0007_cam_02.png,fear,train
SYN001,synthetic_001_00,7,cam_03,data/synthetic/crops/synthetic_001_00/0007_cam_03.png,fear,train
SYN001,synthetic_001_00,7,cam_04,data/synthetic/crops/synthetic_001_00/0007_cam_04.png,fear,train
SYN001,synthetic_001_01,0,cam_01,data/synthetic/crops/synthetic_001_01/0000_cam_01.png,sadness,train
SYN001,synthetic_001_01,0,cam_02,data/synthetic/crops/synthetic_001_01/0000_cam_02.png,sadness,train
SYN001,synthetic_001_01,0,cam_03,data/synthetic/crops/synthetic_001_01/0000_cam_03.png,sadness,train
SYN001,synthetic_001_01,0,cam_04,data/synthetic/crops/synthetic_001_01/0000_cam_04.png,sadness,train
SYN001,synthetic_001_01,1,cam_01,data/synthetic/crops/synthetic_001_01/0001_cam_01.png,sadness,train
SYN001,synthetic_001_01,1,cam_02,data/synthetic/crops/synthetic_001_01/0001_cam_02.png,sadness,train
SYN001,synthetic_001_01,1,cam_03,data/synthetic/crops/synthetic_001_01/0001_cam_03.png,sadness,train
SYN001,synthetic_001_01,1,cam_04,data/synthetic/crops/synthetic_001_01/0001_cam_04.png,sadness,train
SYN001,synthetic_001_01,2,cam_01,data/synthetic/crops/synthetic_001_01/0002_cam_01.png,anger,train
SYN001,synthetic_001_01,2,cam_02,data/synthetic/crops/synthetic_001_01/0002_cam_02.png,anger,train
SYN001,synthetic_001_01,2,cam_03,data/synthetic/crops/synthetic_001_01/0002_cam_03.png,anger,train
SYN001,synthetic_001_01,2,cam_04,data/synthetic/crops/synthetic_001_01/0002_cam_04.png,anger,train
SYN001,synthetic_001_01,3,cam_01,data/synthetic/crops/synthetic_001_01/0003_cam_01.png,anger,train
SYN001,synthetic_001_01,3,cam_02,data/synthetic/crops/synthetic_001_01/0003_cam_02.png,anger,train
SYN001,synthetic_001_01,3,cam_03,data/synthetic/crops/synthetic_001_01/0003_cam_03.png,anger,train
SYN001,synthetic_001_01,3,cam_04,data/synthetic/crops/synthetic_001_01/0003_cam_04.png,anger,train
SYN001,synthetic_001_01,4,cam_01,data/synthetic/crops/synthetic_001_01/0004_cam_01.png,fear,train
SYN001,synthetic_001_01,4,cam_02,data/synthetic/crops/synthetic_001_01/0004_cam_02.png,fear,train
SYN001,synthetic_001_01,4,cam_03,data/synthetic/crops/synthetic_001_01/0004_cam_03.png,fear,train
SYN001,synthetic_001_01,4,cam_04,data/synthetic/crops/synthetic_001_01/0004_cam_04.png,fear,train
SYN001,synthetic_001_01,5,cam_01,data/synthetic/crops/synthetic_001_01/0005_cam_01.png,fear,train
SYN001,synthetic_001_01,5,cam_02,data/synthetic/crops/synthetic_001_01/0005_cam_02.png,fear,train
SYN001,synthetic_001_01,5,cam_03,data/synthetic/crops/synthetic_001_01/0005_cam_03.png,fear,train
SYN001,synthetic_001_01,5,cam_04,data/synthetic/crops/synthetic_001_01/0005_cam_04.png,fear,train
SYN001,synthetic_001_01,6,cam_01,data/synthetic/crops/synthetic_001_01/0006_cam_01.png,disgust,train
SYN001,synthetic_001_01,6,cam_02,data/synthetic/crops/synthetic_001_01/0006_cam_02.png,disgust,train
SYN001,synthetic_001_01,6,cam_03,data/synthetic/crops/synthetic_001_01/0006_cam_03.png,disgust,train
SYN001,synthetic_001_01,6,cam_04,data/synthetic/crops/synthetic_001_01/0006_cam_04.png,disgust,train
SYN001,synthetic_001_01,7,cam_01,data/synthetic/crops/synthetic_001_01/0007_cam_01.png,disgust,train
SYN001,synthetic_001_01,7,cam_02,data/synthetic/crops/synthetic_001_01/0007_cam_02.png,disgust,train
SYN001,synthetic_001_01,7,cam_03,data/synthetic/crops/synthetic_001_01/0007_cam_03.png,disgust,train
SYN001,synthetic_001_01,7,cam_04,data/synthetic/crops/synthetic_001_01/0007_cam_04.png,disgust,train
SYN002,synthetic_002_00,0,cam_01,data/synthetic/crops/synthetic_002_00/0000_cam_01.png,sadness,train
SYN002,synthetic_002_00,0,cam_02,data/synthetic/crops/synthetic_002_00/0000_cam_02.png,sadness,train
SYN002,synthetic_002_00,0,cam_03,data/synthetic/crops/synthetic_002_00/0000_cam_03.png,sadness,train
SYN002,synthetic_002_00,0,cam_04,data/synthetic/crops/synthetic_002_00/0000_cam_04.png,sadness,train
SYN002,synthetic_002_00,1,cam_01,data/synthetic/crops/synthetic_002_00/0001_cam_01.png,sadness,train
SYN002,synthetic_002_00,1,cam_02,data/synthetic/crops/synthetic_002_00/0001_cam_02.png,sadness,train
SYN002,synthetic_002_00,1,cam_03,data/synthetic/crops/synthetic_002_00/0001_cam_03.png,sadness,train
SYN002,synthetic_002_00,1,cam_04,data/synthetic/crops/synthetic_002_00/0001_cam_04.png,sadness,train
SYN002,synthetic_002_00,2,cam_01,data/synthetic/crops/synthetic_002_00/0002_cam_01.png,anger,train
SYN002,synthetic_002_00,2,cam_02,data/synthetic/crops/synthetic_002_00/0002_cam_02.png,anger,train
SYN002,synthetic_002_00,2,cam_03,data/synthetic/crops/synthetic_002_00/0002_cam_03.png,anger,train
SYN002,synthetic_002_00,2,cam_04,data/synthetic/crops/synthetic_002_00/0002_cam_04.png,anger,train
SYN002,synthetic_002_00,3,cam_01,data/synthetic/crops/synthetic_002_00/0003_cam_01.png,anger,train
SYN002,synthetic_002_00,3,cam_02,data/synthetic/crops/synthetic_002_00/0003_cam_02.png,anger,train
SYN002,synthetic_002_00,3,cam_03,data/synthetic/crops/synthetic_002_00/0003_cam_03.png,anger,train
SYN002,synthetic_002_00,3,cam_04,data/synthetic/crops/synthetic_002_00/0003_cam_04.png,anger,train
SYN002,synthetic_002_00,4,cam_01,data/synthetic/crops/synthetic_002_00/0004_cam_01.png,fear,train
SYN002,synthetic_002_00,4,cam_02,data/synthetic/crops/synthetic_002_00/0004_cam_02.png,fear,train
SYN002,synthetic_002_00,4,cam_03,data/synthetic/crops/synthetic_002_00/0004_cam_03.png,fear,train
SYN002,synthetic_002_00,4,cam_04,data/synthetic/crops/synthetic_002_00/0004_cam_04.png,fear,train
SYN002,synthetic_002_00,5,cam_01,data/synthetic/crops/synthetic_002_00/0005_cam_01.png,fear,train
SYN002,synthetic_002_00,5,cam_02,data/synthetic/crops/synthetic_002_00/0005_cam_02.png,fear,train
SYN002,synthetic_002_00,5,cam_03,data/synthetic/crops/synthetic_002_00/0005_cam_03.png,fear,train
SYN002,synthetic_002_00,5,cam_04,data/synthetic/crops/synthetic_002_00/0005_cam_04.png,fear,train
SYN002,synthetic_002_00,6,cam_01,data/synthetic/crops/synthetic_002_00/0006_cam_01.png,disgust,train
SYN002,synthetic_002_00,6,cam_02,data/synthetic/crops/synthetic_002_00/0006_cam_02.png,disgust,train
SYN002,synthetic_002_00,6,cam_03,data/synthetic/crops/synthetic_002_00/0006_cam_03.png,disgust,train
SYN002,synthetic_002_00,6,cam_04,data/synthetic/crops/synthetic_002_00/0006_cam_04.png,disgust,train
SYN002,synthetic_002_00,7,cam_01,data/synthetic/crops/synthetic_002_00/0007_cam_01.png,disgust,train
SYN002,synthetic_002_00,7,cam_02,data/synthetic/crops/synthetic_002_00/0007_cam_02.png,disgust,train
SYN002,synthetic_002_00,7,cam_03,data/synthetic/crops/synthetic_002_00/0007_cam_03.png,disgust,train
SYN002,synthetic_002_00,7,cam_04,data/synthetic/crops/synthetic_002_00/0007_cam_04.png,disgust,train
SYN002,synthetic_002_01,0,cam_01,data/synthetic/crops/synthetic_002_01/0000_cam_01.png,anger,train
SYN002,synthetic_002_01,0,cam_02,data/synthetic/crops/synthetic_002_01/0000_cam_02.png,anger,train
SYN002,synthetic_002_01,0,cam_03,data/synthetic/crops/synthetic_002_01/0000_cam_03.png,anger,train
SYN002,synthetic_002_01,0,cam_04,data/synthetic/crops/synthetic_002_01/0000_cam_04.png,anger,train
SYN002,synthetic_002_01,1,cam_01,data/synthetic/crops/synthetic_002_01/0001_cam_01.png,anger,train
SYN002,synthetic_002_01,1,cam_02,data/synthetic/crops/synthetic_002_01/0001_cam_02.png,anger,train
SYN002,synthetic_002_01,1,cam_03,data/synthetic/crops/synthetic_002_01/0001_cam_03.png,anger,train
SYN002,synthetic_002_01,1,cam_04,data/synthetic/crops/synthetic_002_01/0001_cam_04.png,anger,train
SYN002,synthetic_002_01,2,cam_01,data/synthetic/crops/synthetic_002_01/0002_cam_01.png,fear,train
SYN002,synthetic_002_01,2,cam_02,data/synthetic/crops/synthetic_002_01/0002_cam_02.png,fear,train
SYN002,synthetic_002_01,2,cam_03,data/synthetic/crops/synthetic_002_01/0002_cam_03.png,fear,train
SYN002,synthetic_002_01,2,cam_04,data/synthetic/crops/synthetic_002_01/0002_cam_04.png,fear,train
SYN002,synthetic_002_01,3,cam_01,data/synthetic/crops/synthetic_002_01/0003_cam_01.png,fear,train
SYN002,synthetic_002_01,3,cam_02,data/synthetic/crops/synthetic_002_01/0003_cam_02.png,fear,train
SYN002,synthetic_002_01,3,cam_03,data/synthetic/crops/synthetic_002_01/0003_cam_03.png,fear,train
SYN002,synthetic_002_01,3,cam_04,data/synthetic/crops/synthetic_002_01/0003_cam_04.png,fear,train
SYN002,synthetic_002_01,4,cam_01,data/synthetic/crops/synthetic_002_01/0004_cam_01.png,disgust,train
SYN002,synthetic_002_01,4,cam_02,data/synthetic/crops/synthetic_002_01/0004_cam_02.png,disgust,train
SYN002,synthetic_002_01,4,cam_03,data/synthetic/crops/synthetic_002_01/0004_cam_03.png,disgust,train
SYN002,synthetic_002_01,4,cam_04,data/synthetic/crops/synthetic_002_01/0004_cam_04.png,disgust,train
SYN002,synthetic_002_01,5,cam_01,data/synthetic/crops/synthetic_002_01/0005_cam_01.png,disgust,train
SYN002,synthetic_002_01,5,cam_02,data/synthetic/crops/synthetic_002_01/0005_cam_02.png,disgust,train
SYN002,synthetic_002_01,5,cam_03,data/synthetic/crops/synthetic_002_01/0005_cam_03.png,disgust,train
SYN002,synthetic_002_01,5,cam_04,data/synthetic/crops/synthetic_002_01/0005_cam_04.png,disgust,train
SYN002,synthetic_002_01,6,cam_01,data/synthetic/crops/synthetic_002_01/0006_cam_01.png,surprise,train
SYN002,synthetic_002_01,6,cam_02,data/synthetic/crops/synthetic_002_01/0006_cam_02.png,surprise,train
SYN002,synthetic_002_01,6,cam_03,data/synthetic/crops/synthetic_002_01/0006_cam_03.png,surprise,train
SYN002,synthetic_002_01,6,cam_04,data/synthetic/crops/synthetic_002_01/0006_cam_04.png,surprise,train
SYN002,synthetic_002_01,7,cam_01,data/synthetic/crops/synthetic_002_01/0007_cam_01.png,surprise,train
SYN002,synthetic_002_01,7,cam_02,data/synthetic/crops/synthetic_002_01/0007_cam_02.png,surprise,train
SYN002,synthetic_002_01,7,cam_03,data/synthetic/crops/synthetic_002_01/0007_cam_03.png,surprise,train
SYN002,synthetic_002_01,7,cam_04,data/synthetic/crops/synthetic_002_01/0007_cam_04.png,surprise,train
SYN003,synthetic_003_00,0,cam_01,data/synthetic/crops/synthetic_003_00/0000_cam_01.png,anger,train
SYN003,synthetic_003_00,0,cam_02,data/synthetic/crops/synthetic_003_00/0000_cam_02.png,anger,train
SYN003,synthetic_003_00,0,cam_03,data/synthetic/crops/synthetic_003_00/0000_cam_03.png,anger,train
SYN003,synthetic_003_00,0,cam_04,data/synthetic/crops/synthetic_003_00/0000_cam_04.png,anger,train
SYN003,synthetic_003_00,1,cam_01,data/synthetic/crops/synthetic_003_00/0001_cam_01.png,anger,train
SYN003,synthetic_003_00,1,cam_02,data/synthetic/crops/synthetic_003_00/0001_cam_02.png,anger,train
SYN003,synthetic_003_00,1,cam_03,data/synthetic/crops/synthetic_003_00/0001_cam_03.png,anger,train
SYN003,synthetic_003_00,1,cam_04,data/synthetic/crops/synthetic_003_00/0001_cam_04.png,anger,train
SYN003,synthetic_003_00,2,cam_01,data/synthetic/crops/synthetic_003_00/0002_cam_01.png,fear,train
SYN003,synthetic_003_00,2,cam_02,data/synthetic/crops/synthetic_003_00/0002_cam_02.png,fear,train
SYN003,synthetic_003_00,2,cam_03,data/synthetic/crops/synthetic_003_00/0002_cam_03.png,fear,train
SYN003,synthetic_003_00,2,cam_04,data/synthetic/crops/synthetic_003_00/0002_cam_04.png,fear,train
SYN003,synthetic_003_00,3,cam_01,data/synthetic/crops/synthetic_003_00/0003_cam_01.png,fear,train
SYN003,synthetic_003_00,3,cam_02,data/synthetic/crops/synthetic_003_00/0003_cam_02.png,fear,train
SYN003,synthetic_003_00,3,cam_03,data/synthetic/crops/synthetic_003_00/0003_cam_03.png,fear,train
SYN003,synthetic_003_00,3,cam_04,data/synthetic/crops/synthetic_003_00/0003_cam_04.png,fear,train
SYN003,synthetic_003_00,4,cam_01,data/synthetic/crops/synthetic_003_00/0004_cam_01.png,disgust,train
SYN003,synthetic_003_00,4,cam_02,data/synthetic/crops/synthetic_003_00/0004_cam_02.png,disgust,train
SYN003,synthetic_003_00,4,cam_03,data/synthetic/crops/synthetic_003_00/0004_cam_03.png,disgust,train
SYN003,synthetic_003_00,4,cam_04,data/synthetic/crops/synthetic_003_00/0004_cam_04.png,disgust,train
SYN003,synthetic_003_00,5,cam_01,data/synthetic/crops/synthetic_003_00/0005_cam_01.png,disgust,train
SYN003,synthetic_003_00,5,cam_02,data/synthetic/crops/synthetic_003_00/0005_cam_02.png,disgust,train
SYN003,synthetic_003_00,5,cam_03,data/synthetic/crops/synthetic_003_00/0005_cam_03.png,disgust,train
SYN003,synthetic_003_00,5,cam_04,data/synthetic/crops/synthetic_003_00/0005_cam_04.png,disgust,train
SYN003,synthetic_003_00,6,cam_01,data/synthetic/crops/synthetic_003_00/0006_cam_01.png,surprise,train
SYN003,synthetic_003_00,6,cam_02,data/synthetic/crops/synthetic_003_00/0006_cam_02.png,surprise,train
SYN003,synthetic_003_00,6,cam_03,data/synthetic/crops/synthetic_003_00/0006_cam_03.png,surprise,train
SYN003,synthetic_003_00,6,cam_04,data/synthetic/crops/synthetic_003_00/0006_cam_04.png,surprise,train
SYN003,synthetic_003_00,7,cam_01,data/synthetic/crops/synthetic_003_00/0007_cam_01.png,surprise,train
SYN003,synthetic_003_00,7,cam_02,data/synthetic/crops/synthetic_003_00/0007_cam_02.png,surprise,train
SYN003,synthetic_003_00,7,cam_03,data/synthetic/crops/synthetic_003_00/0007_cam_03.png,surprise,train
SYN003,synthetic_003_00,7,cam_04,data/synthetic/crops/synthetic_003_00/0007_cam_04.png,surprise,train
SYN003,synthetic_003_01,0,cam_01,data/synthetic/crops/synthetic_003_01/0000_cam_01.png,fear,train
SYN003,synthetic_003_01,0,cam_02,data/synthetic/crops/synthetic_003_01/0000_cam_02.png,fear,train
SYN003,synthetic_003_01,0,cam_03,data/synthetic/crops/synthetic_003_01/0000_cam_03.png,fear,train
SYN003,synthetic_003_01,0,cam_04,data/synthetic/crops/synthetic_003_01/0000_cam_04.png,fear,train
SYN003,synthetic_003_01,1,cam_01,data/synthetic/crops/synthetic_003_01/0001_cam_01.png,fear,train
SYN003,synthetic_003_01,1,cam_02,data/synthetic/crops/synthetic_003_01/0001_cam_02.png,fear,train
SYN003,synthetic_003_01,1,cam_03,data/synthetic/crops/synthetic_003_01/0001_cam_03.png,fear,train
SYN003,synthetic_003_01,1,cam_04,data/synthetic/crops/synthetic_003_01/0001_cam_04.png,fear,train
SYN003,synthetic_003_01,2,cam_01,data/synthetic/crops/synthetic_003_01/0002_cam_01.png,disgust,train
SYN003,synthetic_003_01,2,cam_02,data/synthetic/crops/synthetic_003_01/0002_cam_02.png,disgust,train
SYN003,synthetic_003_01,2,cam_03,data/synthetic/crops/synthetic_003_01/0002_cam_03.png,disgust,train
SYN003,synthetic_003_01,2,cam_04,data/synthetic/crops/synthetic_003_01/0002_cam_04.png,disgust,train
SYN003,synthetic_003_01,3,cam_01,data/synthetic/crops/synthetic_003_01/0003_cam_01.png,disgust,train
SYN003,synthetic_003_01,3,cam_02,data/synthetic/crops/synthetic_003_01/0003_cam_02.png,disgust,train
SYN003,synthetic_003_01,3,cam_03,data/synthetic/crops/synthetic_003_01/0003_cam_03.png,disgust,train
SYN003,synthetic_003_01,3,cam_04,data/synthetic/crops/synthetic_003_01/0003_cam_04.png,disgust,train
SYN003,synthetic_003_01,4,cam_01,data/synthetic/crops/synthetic_003_01/0004_cam_01.png,surprise,train
SYN003,synthetic_003_01,4,cam_02,data/synthetic/crops/synthetic_003_01/0004_cam_02.png,surprise,train
SYN003,synthetic_003_01,4,cam_03,data/synthetic/crops/synthetic_003_01/0004_cam_03.png,surprise,train
SYN003,synthetic_003_01,4,cam_04,data/synthetic/crops/synthetic_003_01/0004_cam_04.png,surprise,train
SYN003,synthetic_003_01,5,cam_01,data/synthetic/crops/synthetic_003_01/0005_cam_01.png,surprise,train
SYN003,synthetic_003_01,5,cam_02,data/synthetic/crops/synthetic_003_01/0005_cam_02.png,surprise,train
SYN003,synthetic_003_01,5,cam_03,data/synthetic/crops/synthetic_003_01/0005_cam_03.png,surprise,train
SYN003,synthetic_003_01,5,cam_04,data/synthetic/crops/synthetic_003_01/0005_cam_04.png,surprise,train
SYN003,synthetic_003_01,6,cam_01,data/synthetic/crops/synthetic_003_01/0006_cam_01.png,neutral,train
SYN003,synthetic_003_01,6,cam_02,data/synthetic/crops/synthetic_003_01/0006_cam_02.png,neutral,train
SYN003,synthetic_003_01,6,cam_03,data/synthetic/crops/synthetic_003_01/0006_cam_03.png,neutral,train
SYN003,synthetic_003_01,6,cam_04,data/synthetic/crops/synthetic_003_01/0006_cam_04.png,neutral,train
SYN003,synthetic_003_01,7,cam_01,data/synthetic/crops/synthetic_003_01/0007_cam_01.png,neutral,train
SYN003,synthetic_003_01,7,cam_02,data/synthetic/crops/synthetic_003_01/0007_cam_02.png,neutral,train
SYN003,synthetic_003_01,7,cam_03,data/synthetic/crops/synthetic_003_01/0007_cam_03.png,neutral,train
SYN003,synthetic_003_01,7,cam_04,data/synthetic/crops/synthetic_003_01/0007_cam_04.png,neutral,train
SYN004,synthetic_004_00,0,cam_01,data/synthetic/crops/synthetic_004_00/0000_cam_01.png,fear,train
SYN004,synthetic_004_00,0,cam_02,data/synthetic/crops/synthetic_004_00/0000_cam_02.png,fear,train
SYN004,synthetic_004_00,0,cam_03,data/synthetic/crops/synthetic_004_00/0000_cam_03.png,fear,train
SYN004,synthetic_004_00,0,cam_04,data/synthetic/crops/synthetic_004_00/0000_cam_04.png,fear,train
SYN004,synthetic_004_00,1,cam_01,data/synthetic/crops/synthetic_004_00/0001_cam_01.png,fear,train
SYN004,synthetic_004_00,1,cam_02,data/synthetic/crops/synthetic_004_00/0001_cam_02.png,fear,train
SYN004,synthetic_004_00,1,cam_03,data/synthetic/crops/synthetic_004_00/0001_cam_03.png,fear,train
SYN004,synthetic_004_00,1,cam_04,data/synthetic/crops/synthetic_004_00/0001_cam_04.png,fear,train
SYN004,synthetic_004_00,2,cam_01,data/synthetic/crops/synthetic_004_00/0002_cam_01.png,disgust,train
SYN004,synthetic_004_00,2,cam_02,data/synthetic/crops/synthetic_004_00/0002_cam_02.png,disgust,train
SYN004,synthetic_004_00,2,cam_03,data/synthetic/crops/synthetic_004_00/0002_cam_03.png,disgust,train
SYN004,synthetic_004_00,2,cam_04,data/synthetic/crops/synthetic_004_00/0002_cam_04.png,disgust,train
SYN004,synthetic_004_00,3,cam_01,data/synthetic/crops/synthetic_004_00/0003_cam_01.png,disgust,train
SYN004,synthetic_004_00,3,cam_02,data/synthetic/crops/synthetic_004_00/0003_cam_02.png,disgust,train
SYN004,synthetic_004_00,3,cam_03,data/synthetic/crops/synthetic_004_00/0003_cam_03.png,disgust,train
SYN004,synthetic_004_00,3,cam_04,data/synthetic/crops/synthetic_004_00/0003_cam_04.png,disgust,train
SYN004,synthetic_004_00,4,cam_01,data/synthetic/crops/synthetic_004_00/0004_cam_01.png,surprise,train
SYN004,synthetic_004_00,4,cam_02,data/synthetic/crops/synthetic_004_00/0004_cam_02.png,surprise,train
SYN004,synthetic_004_00,4,cam_03,data/synthetic/crops/synthetic_004_00/0004_cam_03.png,surprise,train
SYN004,synthetic_004_00,4,cam_04,data/synthetic/crops/synthetic_004_00/0004_cam_04.png,surprise,train
SYN004,synthetic_004_00,5,cam_01,data/synthetic/crops/synthetic_004_00/0005_cam_01.png,surprise,train
SYN004,synthetic_004_00,5,cam_02,data/synthetic/crops/synthetic_004_00/0005_cam_02.png,surprise,train
SYN004,synthetic_004_00,5,cam_03,data/synthetic/crops/synthetic_004_00/0005_cam_03.png,surprise,train
SYN004,synthetic_004_00,5,cam_04,data/synthetic/crops/synthetic_004_00/0005_cam_04.png,surprise,train
SYN004,synthetic_004_00,6,cam_01,data/synthetic/crops/synthetic_004_00/0006_cam_01.png,neutral,train
SYN004,synthetic_004_00,6,cam_02,data/synthetic/crops/synthetic_004_00/0006_cam_02.png,neutral,train
SYN004,synthetic_004_00,6,cam_03,data/synthetic/crops/synthetic_004_00/0006_cam_03.png,neutral,train
SYN004,synthetic_004_00,6,cam_04,data/synthetic/crops/synthetic_004_00/0006_cam_04.png,neutral,train
SYN004,synthetic_004_00,7,cam_01,data/synthetic/crops/synthetic_004_00/0007_cam_01.png,neutral,train
SYN004,synthetic_004_00,7,cam_02,data/synthetic/crops/synthetic_004_00/0007_cam_02.png,neutral,train
SYN004,synthetic_004_00,7,cam_03,data/synthetic/crops/synthetic_004_00/0007_cam_03.png,neutral,train
SYN004,synthetic_004_00,7,cam_04,data/synthetic/crops/synthetic_004_00/0007_cam_04.png,neutral,train
SYN004,synthetic_004_01,0,cam_01,data/synthetic/crops/synthetic_004_01/0000_cam_01.png,disgust,train
SYN004,synthetic_004_01,0,cam_02,data/synthetic/crops/synthetic_004_01/0000_cam_02.png,disgust,train
SYN004,synthetic_004_01,0,cam_03,data/synthetic/crops/synthetic_004_01/0000_cam_03.png,disgust,train
SYN004,synthetic_004_01,0,cam_04,data/synthetic/crops/synthetic_004_01/0000_cam_04.png,disgust,train
SYN004,synthetic_004_01,1,cam_01,data/synthetic/crops/synthetic_004_01/0001_cam_01.png,disgust,train
SYN004,synthetic_004_01,1,cam_02,data/synthetic/crops/synthetic_004_01/0001_cam_02.png,disgust,train
SYN004,synthetic_004_01,1,cam_03,data/synthetic/crops/synthetic_004_01/0001_cam_03.png,disgust,train
SYN004,synthetic_004_01,1,cam_04,data/synthetic/crops/synthetic_004_01/0001_cam_04.png,disgust,train
SYN004,synthetic_004_01,2,cam_01,data/synthetic/crops/synthetic_004_01/0002_cam_01.png,surprise,train
SYN004,synthetic_004_01,2,cam_02,data/synthetic/crops/synthetic_004_01/0002_cam_02.png,surprise,train
SYN004,synthetic_004_01,2,cam_03,data/synthetic/crops/synthetic_004_01/0002_cam_03.png,surprise,train
SYN004,synthetic_004_01,2,cam_04,data/synthetic/crops/synthetic_004_01/0002_cam_04.png,surprise,train
SYN004,synthetic_004_01,3,cam_01,data/synthetic/crops/synthetic_004_01/0003_cam_01.png,surprise,train
SYN004,synthetic_004_01,3,cam_02,data/synthetic/crops/synthetic_004_01/0003_cam_02.png,surprise,train
SYN004,synthetic_004_01,3,cam_03,data/synthetic/crops/synthetic_004_01/0003_cam_03.png,surprise,train
SYN004,synthetic_004_01,3,cam_04,data/synthetic/crops/synthetic_004_01/0003_cam_04.png,surprise,train
SYN004,synthetic_004_01,4,cam_01,data/synthetic/crops/synthetic_004_01/0004_cam_01.png,neutral,train
SYN004,synthetic_004_01,4,cam_02,data/synthetic/crops/synthetic_004_01/0004_cam_02.png,neutral,train
SYN004,synthetic_004_01,4,cam_03,data/synthetic/crops/synthetic_004_01/0004_cam_03.png,neutral,train
SYN004,synthetic_004_01,4,cam_04,data/synthetic/crops/synthetic_004_01/0004_cam_04.png,neutral,train
SYN004,synthetic_004_01,5,cam_01,data/synthetic/crops/synthetic_004_01/0005_cam_01.png,neutral,train
SYN004,synthetic_004_01,5,cam_02,data/synthetic/crops/synthetic_004_01/0005_cam_02.png,neutral,train
SYN004,synthetic_004_01,5,cam_03,data/synthetic/crops/synthetic_004_01/0005_cam_03.png,neutral,train
SYN004,synthetic_004_01,5,cam_04,data/synthetic/crops/synthetic_004_01/0005_cam_04.png,neutral,train
SYN004,synthetic_004_01,6,cam_01,data/synthetic/crops/synthetic_004_01/0006_cam_01.png,happiness,train
SYN004,synthetic_004_01,6,cam_02,data/synthetic/crops/synthetic_004_01/0006_cam_02.png,happiness,train
SYN004,synthetic_004_01,6,cam_03,data/synthetic/crops/synthetic_004_01/0006_cam_03.png,happiness,train
SYN004,synthetic_004_01,6,cam_04,data/synthetic/crops/synthetic_004_01/0006_cam_04.png,happiness,train
SYN004,synthetic_004_01,7,cam_01,data/synthetic/crops/synthetic_004_01/0007_cam_01.png,happiness,train
SYN004,synthetic_004_01,7,cam_02,data/synthetic/crops/synthetic_004_01/0007_cam_02.png,happiness,train
SYN004,synthetic_004_01,7,cam_03,data/synthetic/crops/synthetic_004_01/0007_cam_03.png,happiness,train
SYN004,synthetic_004_01,7,cam_04,data/synthetic/crops/synthetic_004_01/0007_cam_04.png,happiness,train
SYN005,synthetic_005_00,0,cam_01,data/synthetic/crops/synthetic_005_00/0000_cam_01.png,disgust,train
SYN005,synthetic_005_00,0,cam_02,data/synthetic/crops/synthetic_005_00/0000_cam_02.png,disgust,train
SYN005,synthetic_005_00,0,cam_03,data/synthetic/crops/synthetic_005_00/0000_cam_03.png,disgust,train
SYN005,synthetic_005_00,0,cam_04,data/synthetic/crops/synthetic_005_00/0000_cam_04.png,disgust,train
SYN005,synthetic_005_00,1,cam_01,data/synthetic/crops/synthetic_005_00/0001_cam_01.png,disgust,train
SYN005,synthetic_005_00,1,cam_02,data/synthetic/crops/synthetic_005_00/0001_cam_02.png,disgust,train
SYN005,synthetic_005_00,1,cam_03,data/synthetic/crops/synthetic_005_00/0001_cam_03.png,disgust,train
SYN005,synthetic_005_00,1,cam_04,data/synthetic/crops/synthetic_005_00/0001_cam_04.png,disgust,train
SYN005,synthetic_005_00,2,cam_01,data/synthetic/crops/synthetic_005_00/0002_cam_01.png,surprise,train
SYN005,synthetic_005_00,2,cam_02,data/synthetic/crops/synthetic_005_00/0002_cam_02.png,surprise,train
SYN005,synthetic_005_00,2,cam_03,data/synthetic/crops/synthetic_005_00/0002_cam_03.png,surprise,train
SYN005,synthetic_005_00,2,cam_04,data/synthetic/crops/synthetic_005_00/0002_cam_04.png,surprise,train
SYN005,synthetic_005_00,3,cam_01,data/synthetic/crops/synthetic_005_00/0003_cam_01.png,surprise,train
SYN005,synthetic_005_00,3,cam_02,data/synthetic/crops/synthetic_005_00/0003_cam_02.png,surprise,train
SYN005,synthetic_005_00,3,cam_03,data/synthetic/crops/synthetic_005_00/0003_cam_03.png,surprise,train
SYN005,synthetic_005_00,3,cam_04,data/synthetic/crops/synthetic_005_00/0003_cam_04.png,surprise,train
SYN005,synthetic_005_00,4,cam_01,data/synthetic/crops/synthetic_005_00/0004_cam_01.png,neutral,train
SYN005,synthetic_005_00,4,cam_02,data/synthetic/crops/synthetic_005_00/0004_cam_02.png,neutral,train
SYN005,synthetic_005_00,4,cam_03,data/synthetic/crops/synthetic_005_00/0004_cam_03.png,neutral,train
SYN005,synthetic_005_00,4,cam_04,data/synthetic/crops/synthetic_005_00/0004_cam_04.png,neutral,train
SYN005,synthetic_005_00,5,cam_01,data/synthetic/crops/synthetic_005_00/0005_cam_01.png,neutral,train
SYN005,synthetic_005_00,5,cam_02,data/synthetic/crops/synthetic_005_00/0005_cam_02.png,neutral,train
SYN005,synthetic_005_00,5,cam_03,data/synthetic/crops/synthetic_005_00/0005_cam_03.png,neutral,train
SYN005,synthetic_005_00,5,cam_04,data/synthetic/crops/synthetic_005_00/0005_cam_04.png,neutral,train
SYN005,synthetic_005_00,6,cam_01,data/synthetic/crops/synthetic_005_00/0006_cam_01.png,happiness,train
SYN005,synthetic_005_00,6,cam_02,data/synthetic/crops/synthetic_005_00/0006_cam_02.png,happiness,train
SYN005,synthetic_005_00,6,cam_03,data/synthetic/crops/synthetic_005_00/0006_cam_03.png,happiness,train
SYN005,synthetic_005_00,6,cam_04,data/synthetic/crops/synthetic_005_00/0006_cam_04.png,happiness,train
SYN005,synthetic_005_00,7,cam_01,data/synthetic/crops/synthetic_005_00/0007_cam_01.png,happiness,train
SYN005,synthetic_005_00,7,cam_02,data/synthetic/crops/synthetic_005_00/0007_cam_02.png,happiness,train
SYN005,synthetic_005_00,7,cam_03,data/synthetic/crops/synthetic_005_00/0007_cam_03.png,happiness,train
SYN005,synthetic_005_00,7,cam_04,data/synthetic/crops/synthetic_005_00/0007_cam_04.png,happiness,train
SYN005,synthetic_005_01,0,cam_01,data/synthetic/crops/synthetic_005_01/0000_cam_01.png,surprise,train
SYN005,synthetic_005_01,0,cam_02,data/synthetic/crops/synthetic_005_01/0000_cam_02.png,surprise,train
SYN005,synthetic_005_01,0,cam_03,data/synthetic/crops/synthetic_005_01/0000_cam_03.png,surprise,train
SYN005,synthetic_005_01,0,cam_04,data/synthetic/crops/synthetic_005_01/0000_cam_04.png,surprise,train
SYN005,synthetic_005_01,1,cam_01,data/synthetic/crops/synthetic_005_01/0001_cam_01.png,surprise,train
SYN005,synthetic_005_01,1,cam_02,data/synthetic/crops/synthetic_005_01/0001_cam_02.png,surprise,train
SYN005,synthetic_005_01,1,cam_03,data/synthetic/crops/synthetic_005_01/0001_cam_03.png,surprise,train
SYN005,synthetic_005_01,1,cam_04,data/synthetic/crops/synthetic_005_01/0001_cam_04.png,surprise,train
SYN005,synthetic_005_01,2,cam_01,data/synthetic/crops/synthetic_005_01/0002_cam_01.png,neutral,train
SYN005,synthetic_005_01,2,cam_02,data/synthetic/crops/synthetic_005_01/0002_cam_02.png,neutral,train
SYN005,synthetic_005_01,2,cam_03,data/synthetic/crops/synthetic_005_01/0002_cam_03.png,neutral,train
SYN005,synthetic_005_01,2,cam_04,data/synthetic/crops/synthetic_005_01/0002_cam_04.png,neutral,train
SYN005,synthetic_005_01,3,cam_01,data/synthetic/crops/synthetic_005_01/0003_cam_01.png,neutral,train
SYN005,synthetic_005_01,3,cam_02,data/synthetic/crops/synthetic_005_01/0003_cam_02.png,neutral,train
SYN005,synthetic_005_01,3,cam_03,data/synthetic/crops/synthetic_005_01/0003_cam_03.png,neutral,train
SYN005,synthetic_005_01,3,cam_04,data/synthetic/crops/synthetic_005_01/0003_cam_04.png,neutral,train
SYN005,synthetic_005_01,4,cam_01,data/synthetic/crops/synthetic_005_01/0004_cam_01.png,happiness,train
SYN005,synthetic_005_01,4,cam_02,data/synthetic/crops/synthetic_005_01/0004_cam_02.png,happiness,train
SYN005,synthetic_005_01,4,cam_03,data/synthetic/crops/synthetic_005_01/0004_cam_03.png,happiness,train
SYN005,synthetic_005_01,4,cam_04,data/synthetic/crops/synthetic_005_01/0004_cam_04.png,happiness,train
SYN005,synthetic_005_01,5,cam_01,data/synthetic/crops/synthetic_005_01/0005_cam_01.png,happiness,train
SYN005,synthetic_005_01,5,cam_02,data/synthetic/crops/synthetic_005_01/0005_cam_02.png,happiness,train
SYN005,synthetic_005_01,5,cam_03,data/synthetic/crops/synthetic_005_01/0005_cam_03.png,happiness,train
SYN005,synthetic_005_01,5,cam_04,data/synthetic/crops/synthetic_005_01/0005_cam_04.png,happiness,train
SYN005,synthetic_005_01,6,cam_01,data/synthetic/crops/synthetic_005_01/0006_cam_01.png,sadness,train
SYN005,synthetic_005_01,6,cam_02,data/synthetic/crops/synthetic_005_01/0006_cam_02.png,sadness,train
SYN005,synthetic_005_01,6,cam_03,data/synthetic/crops/synthetic_005_01/0006_cam_03.png,sadness,train
SYN005,synthetic_005_01,6,cam_04,data/synthetic/crops/synthetic_005_01/0006_cam_04.png,sadness,train
SYN005,synthetic_005_01,7,cam_01,data/synthetic/crops/synthetic_005_01/0007_cam_01.png,sadness,train
SYN005,synthetic_005_01,7,cam_02,data/synthetic/crops/synthetic_005_01/0007_cam_02.png,sadness,train
SYN005,synthetic_005_01,7,cam_03,data/synthetic/crops/synthetic_005_01/0007_cam_03.png,sadness,train
SYN005,synthetic_005_01,7,cam_04,data/synthetic/crops/synthetic_005_01/0007_cam_04.png,sadness,train
SYN006,synthetic_006_00,0,cam_01,data/synthetic/crops/synthetic_006_00/0000_cam_01.png,surprise,train
SYN006,synthetic_006_00,0,cam_02,data/synthetic/crops/synthetic_006_00/0000_cam_02.png,surprise,train
SYN006,synthetic_006_00,0,cam_03,data/synthetic/crops/synthetic_006_00/0000_cam_03.png,surprise,train
SYN006,synthetic_006_00,0,cam_04,data/synthetic/crops/synthetic_006_00/0000_cam_04.png,surprise,train
SYN006,synthetic_006_00,1,cam_01,data/synthetic/crops/synthetic_006_00/0001_cam_01.png,surprise,train
SYN006,synthetic_006_00,1,cam_02,data/synthetic/crops/synthetic_006_00/0001_cam_02.png,surprise,train
SYN006,synthetic_006_00,1,cam_03,data/synthetic/crops/synthetic_006_00/0001_cam_03.png,surprise,train
SYN006,synthetic_006_00,1,cam_04,data/synthetic/crops/synthetic_006_00/0001_cam_04.png,surprise,train
SYN006,synthetic_006_00,2,cam_01,data/synthetic/crops/synthetic_006_00/0002_cam_01.png,neutral,train
SYN006,synthetic_006_00,2,cam_02,data/synthetic/crops/synthetic_006_00/0002_cam_02.png,neutral,train
SYN006,synthetic_006_00,2,cam_03,data/synthetic/crops/synthetic_006_00/0002_cam_03.png,neutral,train
SYN006,synthetic_006_00,2,cam_04,data/synthetic/crops/synthetic_006_00/0002_cam_04.png,neutral,train
SYN006,synthetic_006_00,3,cam_01,data/synthetic/crops/synthetic_006_00/0003_cam_01.png,neutral,train
SYN006,synthetic_006_00,3,cam_02,data/synthetic/crops/synthetic_006_00/0003_cam_02.png,neutral,train
SYN006,synthetic_006_00,3,cam_03,data/synthetic/crops/synthetic_006_00/0003_cam_03.png,neutral,train
SYN006,synthetic_006_00,3,cam_04,data/synthetic/crops/synthetic_006_00/0003_cam_04.png,neutral,train
SYN006,synthetic_006_00,4,cam_01,data/synthetic/crops/synthetic_006_00/0004_cam_01.png,happiness,train
SYN006,synthetic_006_00,4,cam_02,data/synthetic/crops/synthetic_006_00/0004_cam_02.png,happiness,train
SYN006,synthetic_006_00,4,cam_03,data/synthetic/crops/synthetic_006_00/0004_cam_03.png,happiness,train
SYN006,synthetic_006_00,4,cam_04,data/synthetic/crops/synthetic_006_00/0004_cam_04.png,happiness,train
SYN006,synthetic_006_00,5,cam_01,data/synthetic/crops/synthetic_006_00/0005_cam_01.png,happiness,train
SYN006,synthetic_006_00,5,cam_02,data/synthetic/crops/synthetic_006_00/0005_cam_02.png,happiness,train
SYN006,synthetic_006_00,5,cam_03,data/synthetic/crops/synthetic_006_00/0005_cam_03.png,happiness,train
SYN006,synthetic_006_00,5,cam_04,data/synthetic/crops/synthetic_006_00/0005_cam_04.png,happiness,train
SYN006,synthetic_006_00,6,cam_01,data/synthetic/crops/synthetic_006_00/0006_cam_01.png,sadness,train
SYN006,synthetic_006_00,6,cam_02,data/synthetic/crops/synthetic_006_00/0006_cam_02.png,sadness,train
SYN006,synthetic_006_00,6,cam_03,data/synthetic/crops/synthetic_006_00/0006_cam_03.png,sadness,train
SYN006,synthetic_006_00,6,cam_04,data/synthetic/crops/synthetic_006_00/0006_cam_04.png,sadness,train
SYN006,synthetic_006_00,7,cam_01,data/synthetic/crops/synthetic_006_00/0007_cam_01.png,sadness,train
SYN006,synthetic_006_00,7,cam_02,data/synthetic/crops/synthetic_006_00/0007_cam_02.png,sadness,train
SYN006,synthetic_006_00,7,cam_03,data/synthetic/crops/synthetic_006_00/0007_cam_03.png,sadness,train
SYN006,synthetic_006_00,7,cam_04,data/synthetic/crops/synthetic_006_00/0007_cam_04.png,sadness,train
SYN006,synthetic_006_01,0,cam_01,data/synthetic/crops/synthetic_006_01/0000_cam_01.png,neutral,train
SYN006,synthetic_006_01,0,cam_02,data/synthetic/crops/synthetic_006_01/0000_cam_02.png,neutral,train
SYN006,synthetic_006_01,0,cam_03,data/synthetic/crops/synthetic_006_01/0000_cam_03.png,neutral,train
SYN006,synthetic_006_01,0,cam_04,data/synthetic/crops/synthetic_006_01/0000_cam_04.png,neutral,train
SYN006,synthetic_006_01,1,cam_01,data/synthetic/crops/synthetic_006_01/0001_cam_01.png,neutral,train
SYN006,synthetic_006_01,1,cam_02,data/synthetic/crops/synthetic_006_01/0001_cam_02.png,neutral,train
SYN006,synthetic_006_01,1,cam_03,data/synthetic/crops/synthetic_006_01/0001_cam_03.png,neutral,train
SYN006,synthetic_006_01,1,cam_04,data/synthetic/crops/synthetic_006_01/0001_cam_04.png,neutral,train
SYN006,synthetic_006_01,2,cam_01,data/synthetic/crops/synthetic_006_01/0002_cam_01.png,happiness,train
SYN006,synthetic_006_01,2,cam_02,data/synthetic/crops/synthetic_006_01/0002_cam_02.png,happiness,train
SYN006,synthetic_006_01,2,cam_03,data/synthetic/crops/synthetic_006_01/0002_cam_03.png,happiness,train
SYN006,synthetic_006_01,2,cam_04,data/synthetic/crops/synthetic_006_01/0002_cam_04.png,happiness,train
SYN006,synthetic_006_01,3,cam_01,data/synthetic/crops/synthetic_006_01/0003_cam_01.png,happiness,train
SYN006,synthetic_006_01,3,cam_02,data/synthetic/crops/synthetic_006_01/0003_cam_02.png,happiness,train
SYN006,synthetic_006_01,3,cam_03,data/synthetic/crops/synthetic_006_01/0003_cam_03.png,happiness,train
SYN006,synthetic_006_01,3,cam_04,data/synthetic/crops/synthetic_006_01/0003_cam_04.png,happiness,train
SYN006,synthetic_006_01,4,cam_01,data/synthetic/crops/synthetic_006_01/0004_cam_01.png,sadness,train
SYN006,synthetic_006_01,4,cam_02,data/synthetic/crops/synthetic_006_01/0004_cam_02.png,sadness,train
SYN006,synthetic_006_01,4,cam_03,data/synthetic/crops/synthetic_006_01/0004_cam_03.png,sadness,train
SYN006,synthetic_006_01,4,cam_04,data/synthetic/crops/synthetic_006_01/0004_cam_04.png,sadness,train
SYN006,synthetic_006_01,5,cam_01,data/synthetic/crops/synthetic_006_01/0005_cam_01.png,sadness,train
SYN006,synthetic_006_01,5,cam_02,data/synthetic/crops/synthetic_006_01/0005_cam_02.png,sadness,train
SYN006,synthetic_006_01,5,cam_03,data/synthetic/crops/synthetic_006_01/0005_cam_03.png,sadness,train
SYN006,synthetic_006_01,5,cam_04,data/synthetic/crops/synthetic_006_01/0005_cam_04.png,sadness,train
SYN006,synthetic_006_01,6,cam_01,data/synthetic/crops/synthetic_006_01/0006_cam_01.png,anger,train
SYN006,synthetic_006_01,6,cam_02,data/synthetic/crops/synthetic_006_01/0006_cam_02.png,anger,train
SYN006,synthetic_006_01,6,cam_03,data/synthetic/crops/synthetic_006_01/0006_cam_03.png,anger,train
SYN006,synthetic_006_01,6,cam_04,data/synthetic/crops/synthetic_006_01/0006_cam_04.png,anger,train
SYN006,synthetic_006_01,7,cam_01,data/synthetic/crops/synthetic_006_01/0007_cam_01.png,anger,train
SYN006,synthetic_006_01,7,cam_02,data/synthetic/crops/synthetic_006_01/0007_cam_02.png,anger,train
SYN006,synthetic_006_01,7,cam_03,data/synthetic/crops/synthetic_006_01/0007_cam_03.png,anger,train
SYN006,synthetic_006_01,7,cam_04,data/synthetic/crops/synthetic_006_01/0007_cam_04.png,anger,train
SYN007,synthetic_007_00,0,cam_01,data/synthetic/crops/synthetic_007_00/0000_cam_01.png,neutral,train
SYN007,synthetic_007_00,0,cam_02,data/synthetic/crops/synthetic_007_00/0000_cam_02.png,neutral,train
SYN007,synthetic_007_00,0,cam_03,data/synthetic/crops/synthetic_007_00/0000_cam_03.png,neutral,train
SYN007,synthetic_007_00,0,cam_04,data/synthetic/crops/synthetic_007_00/0000_cam_04.png,neutral,train
SYN007,synthetic_007_00,1,cam_01,data/synthetic/crops/synthetic_007_00/0001_cam_01.png,neutral,train
SYN007,synthetic_007_00,1,cam_02,data/synthetic/crops/synthetic_007_00/0001_cam_02.png,neutral,train
SYN007,synthetic_007_00,1,cam_03,data/synthetic/crops/synthetic_007_00/0001_cam_03.png,neutral,train
SYN007,synthetic_007_00,1,cam_04,data/synthetic/crops/synthetic_007_00/0001_cam_04.png,neutral,train
SYN007,synthetic_007_00,2,cam_01,data/synthetic/crops/synthetic_007_00/0002_cam_01.png,happiness,train
SYN007,synthetic_007_00,2,cam_02,data/synthetic/crops/synthetic_007_00/0002_cam_02.png,happiness,train
SYN007,synthetic_007_00,2,cam_03,data/synthetic/crops/synthetic_007_00/0002_cam_03.png,happiness,train
SYN007,synthetic_007_00,2,cam_04,data/synthetic/crops/synthetic_007_00/0002_cam_04.png,happiness,train
SYN007,synthetic_007_00,3,cam_01,data/synthetic/crops/synthetic_007_00/0003_cam_01.png,happiness,train
SYN007,synthetic_007_00,3,cam_02,data/synthetic/crops/synthetic_007_00/0003_cam_02.png,happiness,train
SYN007,synthetic_007_00,3,cam_03,data/synthetic/crops/synthetic_007_00/0003_cam_03.png,happiness,train
SYN007,synthetic_007_00,3,cam_04,data/synthetic/crops/synthetic_007_00/0003_cam_04.png,happiness,train
SYN007,synthetic_007_00,4,cam_01,data/synthetic/crops/synthetic_007_00/0004_cam_01.png,sadness,train
SYN007,synthetic_007_00,4,cam_02,data/synthetic/crops/synthetic_007_00/0004_cam_02.png,sadness,train
SYN007,synthetic_007_00,4,cam_03,data/synthetic/crops/synthetic_007_00/0004_cam_03.png,sadness,train
SYN007,synthetic_007_00,4,cam_04,data/synthetic/crops/synthetic_007_00/0004_cam_04.png,sadness,train
SYN007,synthetic_007_00,5,cam_01,data/synthetic/crops/synthetic_007_00/0005_cam_01.png,sadness,train
SYN007,synthetic_007_00,5,cam_02,data/synthetic/crops/synthetic_007_00/0005_cam_02.png,sadness,train
SYN007,synthetic_007_00,5,cam_03,data/synthetic/crops/synthetic_007_00/0005_cam_03.png,sadness,train
SYN007,synthetic_007_00,5,cam_04,data/synthetic/crops/synthetic_007_00/0005_cam_04.png,sadness,train
SYN007,synthetic_007_00,6,cam_01,data/synthetic/crops/synthetic_007_00/0006_cam_01.png,anger,train
SYN007,synthetic_007_00,6,cam_02,data/synthetic/crops/synthetic_007_00/0006_cam_02.png,anger,train
SYN007,synthetic_007_00,6,cam_03,data/synthetic/crops/synthetic_007_00/0006_cam_03.png,anger,train
SYN007,synthetic_007_00,6,cam_04,data/synthetic/crops/synthetic_007_00/0006_cam_04.png,anger,train
SYN007,synthetic_007_00,7,cam_01,data/synthetic/crops/synthetic_007_00/0007_cam_01.png,anger,train
SYN007,synthetic_007_00,7,cam_02,data/synthetic/crops/synthetic_007_00/0007_cam_02.png,anger,train
SYN007,synthetic_007_00,7,cam_03,data/synthetic/crops/synthetic_007_00/0007_cam_03.png,anger,train
SYN007,synthetic_007_00,7,cam_04,data/synthetic/crops/synthetic_007_00/0007_cam_04.png,anger,train
SYN007,synthetic_007_01,0,cam_01,data/synthetic/crops/synthetic_007_01/0000_cam_01.png,happiness,train
SYN007,synthetic_007_01,0,cam_02,data/synthetic/crops/synthetic_007_01/0000_cam_02.png,happiness,train
SYN007,synthetic_007_01,0,cam_03,data/synthetic/crops/synthetic_007_01/0000_cam_03.png,happiness,train
SYN007,synthetic_007_01,0,cam_04,data/synthetic/crops/synthetic_007_01/0000_cam_04.png,happiness,train
SYN007,synthetic_007_01,1,cam_01,data/synthetic/crops/synthetic_007_01/0001_cam_01.png,happiness,train
SYN007,synthetic_007_01,1,cam_02,data/synthetic/crops/synthetic_007_01/0001_cam_02.png,happiness,train
SYN007,synthetic_007_01,1,cam_03,data/synthetic/crops/synthetic_007_01/0001_cam_03.png,happiness,train
SYN007,synthetic_007_01,1,cam_04,data/synthetic/crops/synthetic_007_01/0001_cam_04.png,happiness,train
SYN007,synthetic_007_01,2,cam_01,data/synthetic/crops/synthetic_007_01/0002_cam_01.png,sadness,train
SYN007,synthetic_007_01,2,cam_02,data/synthetic/crops/synthetic_007_01/0002_cam_02.png,sadness,train
SYN007,synthetic_007_01,2,cam_03,data/synthetic/crops/synthetic_007_01/0002_cam_03.png,sadness,train
SYN007,synthetic_007_01,2,cam_04,data/synthetic/crops/synthetic_007_01/0002_cam_04.png,sadness,train
SYN007,synthetic_007_01,3,cam_01,data/synthetic/crops/synthetic_007_01/0003_cam_01.png,sadness,train
SYN007,synthetic_007_01,3,cam_02,data/synthetic/crops/synthetic_007_01/0003_cam_02.png,sadness,train
SYN007,synthetic_007_01,3,cam_03,data/synthetic/crops/synthetic_007_01/0003_cam_03.png,sadness,train
SYN007,synthetic_007_01,3,cam_04,data/synthetic/crops/synthetic_007_01/0003_cam_04.png,sadness,train
SYN007,synthetic_007_01,4,cam_01,data/synthetic/crops/synthetic_007_01/0004_cam_01.png,anger,train
SYN007,synthetic_007_01,4,cam_02,data/synthetic/crops/synthetic_007_01/0004_cam_02.png,anger,train
SYN007,synthetic_007_01,4,cam_03,data/synthetic/crops/synthetic_007_01/0004_cam_03.png,anger,train
SYN007,synthetic_007_01,4,cam_04,data/synthetic/crops/synthetic_007_01/0004_cam_04.png,anger,train
SYN007,synthetic_007_01,5,cam_01,data/synthetic/crops/synthetic_007_01/0005_cam_01.png,anger,train
SYN007,synthetic_007_01,5,cam_02,data/synthetic/crops/synthetic_007_01/0005_cam_02.png,anger,train
SYN007,synthetic_007_01,5,cam_03,data/synthetic/crops/synthetic_007_01/0005_cam_03.png,anger,train
SYN007,synthetic_007_01,5,cam_04,data/synthetic/crops/synthetic_007_01/0005_cam_04.png,anger,train
SYN007,synthetic_007_01,6,cam_01,data/synthetic/crops/synthetic_007_01/0006_cam_01.png,fear,train
SYN007,synthetic_007_01,6,cam_02,data/synthetic/crops/synthetic_007_01/0006_cam_02.png,fear,train
SYN007,synthetic_007_01,6,cam_03,data/synthetic/crops/synthetic_007_01/0006_cam_03.png,fear,train
SYN007,synthetic_007_01,6,cam_04,data/synthetic/crops/synthetic_007_01/0006_cam_04.png,fear,train
SYN007,synthetic_007_01,7,cam_01,data/synthetic/crops/synthetic_007_01/0007_cam_01.png,fear,train
SYN007,synthetic_007_01,7,cam_02,data/synthetic/crops/synthetic_007_01/0007_cam_02.png,fear,train
SYN007,synthetic_007_01,7,cam_03,data/synthetic/crops/synthetic_007_01/0007_cam_03.png,fear,train
SYN007,synthetic_007_01,7,cam_04,data/synthetic/crops/synthetic_007_01/0007_cam_04.png,fear,train
SYN008,synthetic_008_00,0,cam_01,data/synthetic/crops/synthetic_008_00/0000_cam_01.png,happiness,train
SYN008,synthetic_008_00,0,cam_02,data/synthetic/crops/synthetic_008_00/0000_cam_02.png,happiness,train
SYN008,synthetic_008_00,0,cam_03,data/synthetic/crops/synthetic_008_00/0000_cam_03.png,happiness,train
SYN008,synthetic_008_00,0,cam_04,data/synthetic/crops/synthetic_008_00/0000_cam_04.png,happiness,train
SYN008,synthetic_008_00,1,cam_01,data/synthetic/crops/synthetic_008_00/0001_cam_01.png,happiness,train
SYN008,synthetic_008_00,1,cam_02,data/synthetic/crops/synthetic_008_00/0001_cam_02.png,happiness,train
SYN008,synthetic_008_00,1,cam_03,data/synthetic/crops/synthetic_008_00/0001_cam_03.png,happiness,train
SYN008,synthetic_008_00,1,cam_04,data/synthetic/crops/synthetic_008_00/0001_cam_04.png,happiness,train
SYN008,synthetic_008_00,2,cam_01,data/synthetic/crops/synthetic_008_00/0002_cam_01.png,sadness,train
SYN008,synthetic_008_00,2,cam_02,data/synthetic/crops/synthetic_008_00/0002_cam_02.png,sadness,train
SYN008,synthetic_008_00,2,cam_03,data/synthetic/crops/synthetic_008_00/0002_cam_03.png,sadness,train
SYN008,synthetic_008_00,2,cam_04,data/synthetic/crops/synthetic_008_00/0002_cam_04.png,sadness,train
SYN008,synthetic_008_00,3,cam_01,data/synthetic/crops/synthetic_008_00/0003_cam_01.png,sadness,train
SYN008,synthetic_008_00,3,cam_02,data/synthetic/crops/synthetic_008_00/0003_cam_02.png,sadness,train
SYN008,synthetic_008_00,3,cam_03,data/synthetic/crops/synthetic_008_00/0003_cam_03.png,sadness,train
SYN008,synthetic_008_00,3,cam_04,data/synthetic/crops/synthetic_008_00/0003_cam_04.png,sadness,train
SYN008,synthetic_008_00,4,cam_01,data/synthetic/crops/synthetic_008_00/0004_cam_01.png,anger,train
SYN008,synthetic_008_00,4,cam_02,data/synthetic/crops/synthetic_008_00/0004_cam_02.png,anger,train
SYN008,synthetic_008_00,4,cam_03,data/synthetic/crops/synthetic_008_00/0004_cam_03.png,anger,train
SYN008,synthetic_008_00,4,cam_04,data/synthetic/crops/synthetic_008_00/0004_cam_04.png,anger,train
SYN008,synthetic_008_00,5,cam_01,data/synthetic/crops/synthetic_008_00/0005_cam_01.png,anger,train
SYN008,synthetic_008_00,5,cam_02,data/synthetic/crops/synthetic_008_00/0005_cam_02.png,anger,train
SYN008,synthetic_008_00,5,cam_03,data/synthetic/crops/synthetic_008_00/0005_cam_03.png,anger,train
SYN008,synthetic_008_00,5,cam_04,data/synthetic/crops/synthetic_008_00/0005_cam_04.png,anger,train
SYN008,synthetic_008_00,6,cam_01,data/synthetic/crops/synthetic_008_00/0006_cam_01.png,fear,train
SYN008,synthetic_008_00,6,cam_02,data/synthetic/crops/synthetic_008_00/0006_cam_02.png,fear,train
SYN008,synthetic_008_00,6,cam_03,data/synthetic/crops/synthetic_008_00/0006_cam_03.png,fear,train
SYN008,synthetic_008_00,6,cam_04,data/synthetic/crops/synthetic_008_00/0006_cam_04.png,fear,train
SYN008,synthetic_008_00,7,cam_01,data/synthetic/crops/synthetic_008_00/0007_cam_01.png,fear,train
SYN008,synthetic_008_00,7,cam_02,data/synthetic/crops/synthetic_008_00/0007_cam_02.png,fear,train
SYN008,synthetic_008_00,7,cam_03,data/synthetic/crops/synthetic_008_00/0007_cam_03.png,fear,train
SYN008,synthetic_008_00,7,cam_04,data/synthetic/crops/synthetic_008_00/0007_cam_04.png,fear,train
SYN008,synthetic_008_01,0,cam_01,data/synthetic/crops/synthetic_008_01/0000_cam_01.png,sadness,train
SYN008,synthetic_008_01,0,cam_02,data/synthetic/crops/synthetic_008_01/0000_cam_02.png,sadness,train
SYN008,synthetic_008_01,0,cam_03,data/synthetic/crops/synthetic_008_01/0000_cam_03.png,sadness,train
SYN008,synthetic_008_01,0,cam_04,data/synthetic/crops/synthetic_008_01/0000_cam_04.png,sadness,train
SYN008,synthetic_008_01,1,cam_01,data/synthetic/crops/synthetic_008_01/0001_cam_01.png,sadness,train
SYN008,synthetic_008_01,1,cam_02,data/synthetic/crops/synthetic_008_01/0001_cam_02.png,sadness,train
SYN008,synthetic_008_01,1,cam_03,data/synthetic/crops/synthetic_008_01/0001_cam_03.png,sadness,train
SYN008,synthetic_008_01,1,cam_04,data/synthetic/crops/synthetic_008_01/0001_cam_04.png,sadness,train
SYN008,synthetic_008_01,2,cam_01,data/synthetic/crops/synthetic_008_01/0002_cam_01.png,anger,train
SYN008,synthetic_008_01,2,cam_02,data/synthetic/crops/synthetic_008_01/0002_cam_02.png,anger,train
SYN008,synthetic_008_01,2,cam_03,data/synthetic/crops/synthetic_008_01/0002_cam_03.png,anger,train
SYN008,synthetic_008_01,2,cam_04,data/synthetic/crops/synthetic_008_01/0002_cam_04.png,anger,train
SYN008,synthetic_008_01,3,cam_01,data/synthetic/crops/synthetic_008_01/0003_cam_01.png,anger,train
SYN008,synthetic_008_01,3,cam_02,data/synthetic/crops/synthetic_008_01/0003_cam_02.png,anger,train
SYN008,synthetic_008_01,3,cam_03,data/synthetic/crops/synthetic_008_01/0003_cam_03.png,anger,train
SYN008,synthetic_008_01,3,cam_04,data/synthetic/crops/synthetic_008_01/0003_cam_04.png,anger,train
SYN008,synthetic_008_01,4,cam_01,data/synthetic/crops/synthetic_008_01/0004_cam_01.png,fear,train
SYN008,synthetic_008_01,4,cam_02,data/synthetic/crops/synthetic_008_01/0004_cam_02.png,fear,train
SYN008,synthetic_008_01,4,cam_03,data/synthetic/crops/synthetic_008_01/0004_cam_03.png,fear,train
SYN008,synthetic_008_01,4,cam_04,data/synthetic/crops/synthetic_008_01/0004_cam_04.png,fear,train
SYN008,synthetic_008_01,5,cam_01,data/synthetic/crops/synthetic_008_01/0005_cam_01.png,fear,train
SYN008,synthetic_008_01,5,cam_02,data/synthetic/crops/synthetic_008_01/0005_cam_02.png,fear,train
SYN008,synthetic_008_01,5,cam_03,data/synthetic/crops/synthetic_008_01/0005_cam_03.png,fear,train
SYN008,synthetic_008_01,5,cam_04,data/synthetic/crops/synthetic_008_01/0005_cam_04.png,fear,train
SYN008,synthetic_008_01,6,cam_01,data/synthetic/crops/synthetic_008_01/0006_cam_01.png,disgust,train
SYN008,synthetic_008_01,6,cam_02,data/synthetic/crops/synthetic_008_01/0006_cam_02.png,disgust,train
SYN008,synthetic_008_01,6,cam_03,data/synthetic/crops/synthetic_008_01/0006_cam_03.png,disgust,train
SYN008,synthetic_008_01,6,cam_04,data/synthetic/crops/synthetic_008_01/0006_cam_04.png,disgust,train
SYN008,synthetic_008_01,7,cam_01,data/synthetic/crops/synthetic_008_01/0007_cam_01.png,disgust,train
SYN008,synthetic_008_01,7,cam_02,data/synthetic/crops/synthetic_008_01/0007_cam_02.png,disgust,train
SYN008,synthetic_008_01,7,cam_03,data/synthetic/crops/synthetic_008_01/0007_cam_03.png,disgust,train
SYN008,synthetic_008_01,7,cam_04,data/synthetic/crops/synthetic_008_01/0007_cam_04.png,disgust,train
SYN009,synthetic_009_00,0,cam_01,data/synthetic/crops/synthetic_009_00/0000_cam_01.png,sadness,train
SYN009,synthetic_009_00,0,cam_02,data/synthetic/crops/synthetic_009_00/0000_cam_02.png,sadness,train
SYN009,synthetic_009_00,0,cam_03,data/synthetic/crops/synthetic_009_00/0000_cam_03.png,sadness,train
SYN009,synthetic_009_00,0,cam_04,data/synthetic/crops/synthetic_009_00/0000_cam_04.png,sadness,train
SYN009,synthetic_009_00,1,cam_01,data/synthetic/crops/synthetic_009_00/0001_cam_01.png,sadness,train
SYN009,synthetic_009_00,1,cam_02,data/synthetic/crops/synthetic_009_00/0001_cam_02.png,sadness,train
SYN009,synthetic_009_00,1,cam_03,data/synthetic/crops/synthetic_009_00/0001_cam_03.png,sadness,train
SYN009,synthetic_009_00,1,cam_04,data/synthetic/crops/synthetic_009_00/0001_cam_04.png,sadness,train
SYN009,synthetic_009_00,2,cam_01,data/synthetic/crops/synthetic_009_00/0002_cam_01.png,anger,train
SYN009,synthetic_009_00,2,cam_02,data/synthetic/crops/synthetic_009_00/0002_cam_02.png,anger,train
SYN009,synthetic_009_00,2,cam_03,data/synthetic/crops/synthetic_009_00/0002_cam_03.png,anger,train
SYN009,synthetic_009_00,2,cam_04,data/synthetic/crops/synthetic_009_00/0002_cam_04.png,anger,train
SYN009,synthetic_009_00,3,cam_01,data/synthetic/crops/synthetic_009_00/0003_cam_01.png,anger,train
SYN009,synthetic_009_00,3,cam_02,data/synthetic/crops/synthetic_009_00/0003_cam_02.png,anger,train
SYN009,synthetic_009_00,3,cam_03,data/synthetic/crops/synthetic_009_00/0003_cam_03.png,anger,train
SYN009,synthetic_009_00,3,cam_04,data/synthetic/crops/synthetic_009_00/0003_cam_04.png,anger,train
SYN009,synthetic_009_00,4,cam_01,data/synthetic/crops/synthetic_009_00/0004_cam_01.png,fear,train
SYN009,synthetic_009_00,4,cam_02,data/synthetic/crops/synthetic_009_00/0004_cam_02.png,fear,train
SYN009,synthetic_009_00,4,cam_03,data/synthetic/crops/synthetic_009_00/0004_cam_03.png,fear,train
SYN009,synthetic_009_00,4,cam_04,data/synthetic/crops/synthetic_009_00/0004_cam_04.png,fear,train
SYN009,synthetic_009_00,5,cam_01,data/synthetic/crops/synthetic_009_00/0005_cam_01.png,fear,train
SYN009,synthetic_009_00,5,cam_02,data/synthetic/crops/synthetic_009_00/0005_cam_02.png,fear,train
SYN009,synthetic_009_00,5,cam_03,data/synthetic/crops/synthetic_009_00/0005_cam_03.png,fear,train
SYN009,synthetic_009_00,5,cam_04,data/synthetic/crops/synthetic_009_00/0005_cam_04.png,fear,train
SYN009,synthetic_009_00,6,cam_01,data/synthetic/crops/synthetic_009_00/0006_cam_01.png,disgust,train
SYN009,synthetic_009_00,6,cam_02,data/synthetic/crops/synthetic_009_00/0006_cam_02.png,disgust,train
SYN009,synthetic_009_00,6,cam_03,data/synthetic/crops/synthetic_009_00/0006_cam_03.png,disgust,train
SYN009,synthetic_009_00,6,cam_04,data/synthetic/crops/synthetic_009_00/0006_cam_04.png,disgust,train
SYN009,synthetic_009_00,7,cam_01,data/synthetic/crops/synthetic_009_00/0007_cam_01.png,disgust,train
SYN009,synthetic_009_00,7,cam_02,data/synthetic/crops/synthetic_009_00/0007_cam_02.png,disgust,train
SYN009,synthetic_009_00,7,cam_03,data/synthetic/crops/synthetic_009_00/0007_cam_03.png,disgust,train
SYN009,synthetic_009_00,7,cam_04,data/synthetic/crops/synthetic_009_00/0007_cam_04.png,disgust,train
SYN009,synthetic_009_01,0,cam_01,data/synthetic/crops/synthetic_009_01/0000_cam_01.png,anger,train
SYN009,synthetic_009_01,0,cam_02,data/synthetic/crops/synthetic_009_01/0000_cam_02.png,anger,train
SYN009,synthetic_009_01,0,cam_03,data/synthetic/crops/synthetic_009_01/0000_cam_03.png,anger,train
SYN009,synthetic_009_01,0,cam_04,data/synthetic/crops/synthetic_009_01/0000_cam_04.png,anger,train
SYN009,synthetic_009_01,1,cam_01,data/synthetic/crops/synthetic_009_01/0001_cam_01.png,anger,train
SYN009,synthetic_009_01,1,cam_02,data/synthetic/crops/synthetic_009_01/0001_cam_02.png,anger,train
SYN009,synthetic_009_01,1,cam_03,data/synthetic/crops/synthetic_009_01/0001_cam_03.png,anger,train
SYN009,synthetic_009_01,1,cam_04,data/synthetic/crops/synthetic_009_01/0001_cam_04.png,anger,train
SYN009,synthetic_009_01,2,cam_01,data/synthetic/crops/synthetic_009_01/0002_cam_01.png,fear,train
SYN009,synthetic_009_01,2,cam_02,data/synthetic/crops/synthetic_009_01/0002_cam_02.png,fear,train
SYN009,synthetic_009_01,2,cam_03,data/synthetic/crops/synthetic_009_01/0002_cam_03.png,fear,train
SYN009,synthetic_009_01,2,cam_04,data/synthetic/crops/synthetic_009_01/0002_cam_04.png,fear,train
SYN009,synthetic_009_01,3,cam_01,data/synthetic/crops/synthetic_009_01/0003_cam_01.png,fear,train
SYN009,synthetic_009_01,3,cam_02,data/synthetic/crops/synthetic_009_01/0003_cam_02.png,fear,train
SYN009,synthetic_009_01,3,cam_03,data/synthetic/crops/synthetic_009_01/0003_cam_03.png,fear,train
SYN009,synthetic_009_01,3,cam_04,data/synthetic/crops/synthetic_009_01/0003_cam_04.png,fear,train
SYN009,synthetic_009_01,4,cam_01,data/synthetic/crops/synthetic_009_01/0004_cam_01.png,disgust,train
SYN009,synthetic_009_01,4,cam_02,data/synthetic/crops/synthetic_009_01/0004_cam_02.png,disgust,train
SYN009,synthetic_009_01,4,cam_03,data/synthetic/crops/synthetic_009_01/0004_cam_03.png,disgust,train
SYN009,synthetic_009_01,4,cam_04,data/synthetic/crops/synthetic_009_01/0004_cam_04.png,disgust,train
SYN009,synthetic_009_01,5,cam_01,data/synthetic/crops/synthetic_009_01/0005_cam_01.png,disgust,train
SYN009,synthetic_009_01,5,cam_02,data/synthetic/crops/synthetic_009_01/0005_cam_02.png,disgust,train
SYN009,synthetic_009_01,5,cam_03,data/synthetic/crops/synthetic_009_01/0005_cam_03.png,disgust,train
SYN009,synthetic_009_01,5,cam_04,data/synthetic/crops/synthetic_009_01/0005_cam_04.png,disgust,train
SYN009,synthetic_009_01,6,cam_01,data/synthetic/crops/synthetic_009_01/0006_cam_01.png,surprise,train
SYN009,synthetic_009_01,6,cam_02,data/synthetic/crops/synthetic_009_01/0006_cam_02.png,surprise,train
SYN009,synthetic_009_01,6,cam_03,data/synthetic/crops/synthetic_009_01/0006_cam_03.png,surprise,train
SYN009,synthetic_009_01,6,cam_04,data/synthetic/crops/synthetic_009_01/0006_cam_04.png,surprise,train
SYN009,synthetic_009_01,7,cam_01,data/synthetic/crops/synthetic_009_01/0007_cam_01.png,surprise,train
SYN009,synthetic_009_01,7,cam_02,data/synthetic/crops/synthetic_009_01/0007_cam_02.png,surprise,train
SYN009,synthetic_009_01,7,cam_03,data/synthetic/crops/synthetic_009_01/0007_cam_03.png,surprise,train
SYN009,synthetic_009_01,7,cam_04,data/synthetic/crops/synthetic_009_01/0007_cam_04.png,surprise,train
SYN010,synthetic_010_00,0,cam_01,data/synthetic/crops/synthetic_010_00/0000_cam_01.png,anger,train
SYN010,synthetic_010_00,0,cam_02,data/synthetic/crops/synthetic_010_00/0000_cam_02.png,anger,train
SYN010,synthetic_010_00,0,cam_03,data/synthetic/crops/synthetic_010_00/0000_cam_03.png,anger,train
SYN010,synthetic_010_00,0,cam_04,data/synthetic/crops/synthetic_010_00/0000_cam_04.png,anger,train
SYN010,synthetic_010_00,1,cam_01,data/synthetic/crops/synthetic_010_00/0001_cam_01.png,anger,train
SYN010,synthetic_010_00,1,cam_02,data/synthetic/crops/synthetic_010_00/0001_cam_02.png,anger,train
SYN010,synthetic_010_00,1,cam_03,data/synthetic/crops/synthetic_010_00/0001_cam_03.png,anger,train
SYN010,synthetic_010_00,1,cam_04,data/synthetic/crops/synthetic_010_00/0001_cam_04.png,anger,train
SYN010,synthetic_010_00,2,cam_01,data/synthetic/crops/synthetic_010_00/0002_cam_01.png,fear,train
SYN010,synthetic_010_00,2,cam_02,data/synthetic/crops/synthetic_010_00/0002_cam_02.png,fear,train
SYN010,synthetic_010_00,2,cam_03,data/synthetic/crops/synthetic_010_00/0002_cam_03.png,fear,train
SYN010,synthetic_010_00,2,cam_04,data/synthetic/crops/synthetic_010_00/0002_cam_04.png,fear,train
SYN010,synthetic_010_00,3,cam_01,data/synthetic/crops/synthetic_010_00/0003_cam_01.png,fear,train
SYN010,synthetic_010_00,3,cam_02,data/synthetic/crops/synthetic_010_00/0003_cam_02.png,fear,train
SYN010,synthetic_010_00,3,cam_03,data/synthetic/crops/synthetic_010_00/0003_cam_03.png,fear,train
SYN010,synthetic_010_00,3,cam_04,data/synthetic/crops/synthetic_010_00/0003_cam_04.png,fear,train
SYN010,synthetic_010_00,4,cam_01,data/synthetic/crops/synthetic_010_00/0004_cam_01.png,disgust,train
SYN010,synthetic_010_00,4,cam_02,data/synthetic/crops/synthetic_010_00/0004_cam_02.png,disgust,train
SYN010,synthetic_010_00,4,cam_03,data/synthetic/crops/synthetic_010_00/0004_cam_03.png,disgust,train
SYN010,synthetic_010_00,4,cam_04,data/synthetic/crops/synthetic_010_00/0004_cam_04.png,disgust,train
SYN010,synthetic_010_00,5,cam_01,data/synthetic/crops/synthetic_010_00/0005_cam_01.png,disgust,train
SYN010,synthetic_010_00,5,cam_02,data/synthetic/crops/synthetic_010_00/0005_cam_02.png,disgust,train
SYN010,synthetic_010_00,5,cam_03,data/synthetic/crops/synthetic_010_00/0005_cam_03.png,disgust,train
SYN010,synthetic_010_00,5,cam_04,data/synthetic/crops/synthetic_010_00/0005_cam_04.png,disgust,train
SYN010,synthetic_010_00,6,cam_01,data/synthetic/crops/synthetic_010_00/0006_cam_01.png,surprise,train
SYN010,synthetic_010_00,6,cam_02,data/synthetic/crops/synthetic_010_00/0006_cam_02.png,surprise,train
SYN010,synthetic_010_00,6,cam_03,data/synthetic/crops/synthetic_010_00/0006_cam_03.png,surprise,train
SYN010,synthetic_010_00,6,cam_04,data/synthetic/crops/synthetic_010_00/0006_cam_04.png,surprise,train
SYN010,synthetic_010_00,7,cam_01,data/synthetic/crops/synthetic_010_00/0007_cam_01.png,surprise,train
SYN010,synthetic_010_00,7,cam_02,data/synthetic/crops/synthetic_010_00/0007_cam_02.png,surprise,train
SYN010,synthetic_010_00,7,cam_03,data/synthetic/crops/synthetic_010_00/0007_cam_03.png,surprise,train
SYN010,synthetic_010_00,7,cam_04,data/synthetic/crops/synthetic_010_00/0007_cam_04.png,surprise,train
SYN010,synthetic_010_01,0,cam_01,data/synthetic/crops/synthetic_010_01/0000_cam_01.png,fear,train
SYN010,synthetic_010_01,0,cam_02,data/synthetic/crops/synthetic_010_01/0000_cam_02.png,fear,train
SYN010,synthetic_010_01,0,cam_03,data/synthetic/crops/synthetic_010_01/0000_cam_03.png,fear,train
SYN010,synthetic_010_01,0,cam_04,data/synthetic/crops/synthetic_010_01/0000_cam_04.png,fear,train
SYN010,synthetic_010_01,1,cam_01,data/synthetic/crops/synthetic_010_01/0001_cam_01.png,fear,train
SYN010,synthetic_010_01,1,cam_02,data/synthetic/crops/synthetic_010_01/0001_cam_02.png,fear,train
SYN010,synthetic_010_01,1,cam_03,data/synthetic/crops/synthetic_010_01/0001_cam_03.png,fear,train
SYN010,synthetic_010_01,1,cam_04,data/synthetic/crops/synthetic_010_01/0001_cam_04.png,fear,train
SYN010,synthetic_010_01,2,cam_01,data/synthetic/crops/synthetic_010_01/0002_cam_01.png,disgust,train
SYN010,synthetic_010_01,2,cam_02,data/synthetic/crops/synthetic_010_01/0002_cam_02.png,disgust,train
SYN010,synthetic_010_01,2,cam_03,data/synthetic/crops/synthetic_010_01/0002_cam_03.png,disgust,train
SYN010,synthetic_010_01,2,cam_04,data/synthetic/crops/synthetic_010_01/0002_cam_04.png,disgust,train
SYN010,synthetic_010_01,3,cam_01,data/synthetic/crops/synthetic_010_01/0003_cam_01.png,disgust,train
SYN010,synthetic_010_01,3,cam_02,data/synthetic/crops/synthetic_010_01/0003_cam_02.png,disgust,train
SYN010,synthetic_010_01,3,cam_03,data/synthetic/crops/synthetic_010_01/0003_cam_03.png,disgust,train
SYN010,synthetic_010_01,3,cam_04,data/synthetic/crops/synthetic_010_01/0003_cam_04.png,disgust,train
SYN010,synthetic_010_01,4,cam_01,data/synthetic/crops/synthetic_010_01/0004_cam_01.png,surprise,train
SYN010,synthetic_010_01,4,cam_02,data/synthetic/crops/synthetic_010_01/0004_cam_02.png,surprise,train
SYN010,synthetic_010_01,4,cam_03,data/synthetic/crops/synthetic_010_01/0004_cam_03.png,surprise,train
SYN010,synthetic_010_01,4,cam_04,data/synthetic/crops/synthetic_010_01/0004_cam_04.png,surprise,train
SYN010,synthetic_010_01,5,cam_01,data/synthetic/crops/synthetic_010_01/0005_cam_01.png,surprise,train
SYN010,synthetic_010_01,5,cam_02,data/synthetic/crops/synthetic_010_01/0005_cam_02.png,surprise,train
SYN010,synthetic_010_01,5,cam_03,data/synthetic/crops/synthetic_010_01/0005_cam_03.png,surprise,train
SYN010,synthetic_010_01,5,cam_04,data/synthetic/crops/synthetic_010_01/0005_cam_04.png,surprise,train
SYN010,synthetic_010_01,6,cam_01,data/synthetic/crops/synthetic_010_01/0006_cam_01.png,neutral,train
SYN010,synthetic_010_01,6,cam_02,data/synthetic/crops/synthetic_010_01/0006_cam_02.png,neutral,train
SYN010,synthetic_010_01,6,cam_03,data/synthetic/crops/synthetic_010_01/0006_cam_03.png,neutral,train
SYN010,synthetic_010_01,6,cam_04,data/synthetic/crops/synthetic_010_01/0006_cam_04.png,neutral,train
SYN010,synthetic_010_01,7,cam_01,data/synthetic/crops/synthetic_010_01/0007_cam_01.png,neutral,train
SYN010,synthetic_010_01,7,cam_02,data/synthetic/crops/synthetic_010_01/0007_cam_02.png,neutral,train
SYN010,synthetic_010_01,7,cam_03,data/synthetic/crops/synthetic_010_01/0007_cam_03.png,neutral,train
SYN010,synthetic_010_01,7,cam_04,data/synthetic/crops/synthetic_010_01/0007_cam_04.png,neutral,train
SYN011,synthetic_011_00,0,cam_01,data/synthetic/crops/synthetic_011_00/0000_cam_01.png,fear,train
SYN011,synthetic_011_00,0,cam_02,data/synthetic/crops/synthetic_011_00/0000_cam_02.png,fear,train
SYN011,synthetic_011_00,0,cam_03,data/synthetic/crops/synthetic_011_00/0000_cam_03.png,fear,train
SYN011,synthetic_011_00,0,cam_04,data/synthetic/crops/synthetic_011_00/0000_cam_04.png,fear,train
SYN011,synthetic_011_00,1,cam_01,data/synthetic/crops/synthetic_011_00/0001_cam_01.png,fear,train
SYN011,synthetic_011_00,1,cam_02,data/synthetic/crops/synthetic_011_00/0001_cam_02.png,fear,train
SYN011,synthetic_011_00,1,cam_03,data/synthetic/crops/synthetic_011_00/0001_cam_03.png,fear,train
SYN011,synthetic_011_00,1,cam_04,data/synthetic/crops/synthetic_011_00/0001_cam_04.png,fear,train
SYN011,synthetic_011_00,2,cam_01,data/synthetic/crops/synthetic_011_00/0002_cam_01.png,disgust,train
SYN011,synthetic_011_00,2,cam_02,data/synthetic/crops/synthetic_011_00/0002_cam_02.png,disgust,train
SYN011,synthetic_011_00,2,cam_03,data/synthetic/crops/synthetic_011_00/0002_cam_03.png,disgust,train
SYN011,synthetic_011_00,2,cam_04,data/synthetic/crops/synthetic_011_00/0002_cam_04.png,disgust,train
SYN011,synthetic_011_00,3,cam_01,data/synthetic/crops/synthetic_011_00/0003_cam_01.png,disgust,train
SYN011,synthetic_011_00,3,cam_02,data/synthetic/crops/synthetic_011_00/0003_cam_02.png,disgust,train
SYN011,synthetic_011_00,3,cam_03,data/synthetic/crops/synthetic_011_00/0003_cam_03.png,disgust,train
SYN011,synthetic_011_00,3,cam_04,data/synthetic/crops/synthetic_011_00/0003_cam_04.png,disgust,train
SYN011,synthetic_011_00,4,cam_01,data/synthetic/crops/synthetic_011_00/0004_cam_01.png,surprise,train
SYN011,synthetic_011_00,4,cam_02,data/synthetic/crops/synthetic_011_00/0004_cam_02.png,surprise,train
SYN011,synthetic_011_00,4,cam_03,data/synthetic/crops/synthetic_011_00/0004_cam_03.png,surprise,train
SYN011,synthetic_011_00,4,cam_04,data/synthetic/crops/synthetic_011_00/0004_cam_04.png,surprise,train
SYN011,synthetic_011_00,5,cam_01,data/synthetic/crops/synthetic_011_00/0005_cam_01.png,surprise,train
SYN011,synthetic_011_00,5,cam_02,data/synthetic/crops/synthetic_011_00/0005_cam_02.png,surprise,train
SYN011,synthetic_011_00,5,cam_03,data/synthetic/crops/synthetic_011_00/0005_cam_03.png,surprise,train
SYN011,synthetic_011_00,5,cam_04,data/synthetic/crops/synthetic_011_00/0005_cam_04.png,surprise,train
SYN011,synthetic_011_00,6,cam_01,data/synthetic/crops/synthetic_011_00/0006_cam_01.png,neutral,train
SYN011,synthetic_011_00,6,cam_02,data/synthetic/crops/synthetic_011_00/0006_cam_02.png,neutral,train
SYN011,synthetic_011_00,6,cam_03,data/synthetic/crops/synthetic_011_00/0006_cam_03.png,neutral,train
SYN011,synthetic_011_00,6,cam_04,data/synthetic/crops/synthetic_011_00/0006_cam_04.png,neutral,train
SYN011,synthetic_011_00,7,cam_01,data/synthetic/crops/synthetic_011_00/0007_cam_01.png,neutral,train
SYN011,synthetic_011_00,7,cam_02,data/synthetic/crops/synthetic_011_00/0007_cam_02.png,neutral,train
SYN011,synthetic_011_00,7,cam_03,data/synthetic/crops/synthetic_011_00/0007_cam_03.png,neutral,train
SYN011,synthetic_011_00,7,cam_04,data/synthetic/crops/synthetic_011_00/0007_cam_04.png,neutral,train
SYN011,synthetic_011_01,0,cam_01,data/synthetic/crops/synthetic_011_01/0000_cam_01.png,disgust,train
SYN011,synthetic_011_01,0,cam_02,data/synthetic/crops/synthetic_011_01/0000_cam_02.png,disgust,train
SYN011,synthetic_011_01,0,cam_03,data/synthetic/crops/synthetic_011_01/0000_cam_03.png,disgust,train
SYN011,synthetic_011_01,0,cam_04,data/synthetic/crops/synthetic_011_01/0000_cam_04.png,disgust,train
SYN011,synthetic_011_01,1,cam_01,data/synthetic/crops/synthetic_011_01/0001_cam_01.png,disgust,train
SYN011,synthetic_011_01,1,cam_02,data/synthetic/crops/synthetic_011_01/0001_cam_02.png,disgust,train
SYN011,synthetic_011_01,1,cam_03,data/synthetic/crops/synthetic_011_01/0001_cam_03.png,disgust,train
SYN011,synthetic_011_01,1,cam_04,data/synthetic/crops/synthetic_011_01/0001_cam_04.png,disgust,train
SYN011,synthetic_011_01,2,cam_01,data/synthetic/crops/synthetic_011_01/0002_cam_01.png,surprise,train
SYN011,synthetic_011_01,2,cam_02,data/synthetic/crops/synthetic_011_01/0002_cam_02.png,surprise,train
SYN011,synthetic_011_01,2,cam_03,data/synthetic/crops/synthetic_011_01/0002_cam_03.png,surprise,train
SYN011,synthetic_011_01,2,cam_04,data/synthetic/crops/synthetic_011_01/0002_cam_04.png,surprise,train
SYN011,synthetic_011_01,3,cam_01,data/synthetic/crops/synthetic_011_01/0003_cam_01.png,surprise,train
SYN011,synthetic_011_01,3,cam_02,data/synthetic/crops/synthetic_011_01/0003_cam_02.png,surprise,train
SYN011,synthetic_011_01,3,cam_03,data/synthetic/crops/synthetic_011_01/0003_cam_03.png,surprise,train
SYN011,synthetic_011_01,3,cam_04,data/synthetic/crops/synthetic_011_01/0003_cam_04.png,surprise,train
SYN011,synthetic_011_01,4,cam_01,data/synthetic/crops/synthetic_011_01/0004_cam_01.png,neutral,train
SYN011,synthetic_011_01,4,cam_02,data/synthetic/crops/synthetic_011_01/0004_cam_02.png,neutral,train
SYN011,synthetic_011_01,4,cam_03,data/synthetic/crops/synthetic_011_01/0004_cam_03.png,neutral,train
SYN011,synthetic_011_01,4,cam_04,data/synthetic/crops/synthetic_011_01/0004_cam_04.png,neutral,train
SYN011,synthetic_011_01,5,cam_01,data/synthetic/crops/synthetic_011_01/0005_cam_01.png,neutral,train
SYN011,synthetic_011_01,5,cam_02,data/synthetic/crops/synthetic_011_01/0005_cam_02.png,neutral,train
SYN011,synthetic_011_01,5,cam_03,data/synthetic/crops/synthetic_011_01/0005_cam_03.png,neutral,train
SYN011,synthetic_011_01,5,cam_04,data/synthetic/crops/synthetic_011_01/0005_cam_04.png,neutral,train
SYN011,synthetic_011_01,6,cam_01,data/synthetic/crops/synthetic_011_01/0006_cam_01.png,happiness,train
SYN011,synthetic_011_01,6,cam_02,data/synthetic/crops/synthetic_011_01/0006_cam_02.png,happiness,train
SYN011,synthetic_011_01,6,cam_03,data/synthetic/crops/synthetic_011_01/0006_cam_03.png,happiness,train
SYN011,synthetic_011_01,6,cam_04,data/synthetic/crops/synthetic_011_01/0006_cam_04.png,happiness,train
SYN011,synthetic_011_01,7,cam_01,data/synthetic/crops/synthetic_011_01/0007_cam_01.png,happiness,train
SYN011,synthetic_011_01,7,cam_02,data/synthetic/crops/synthetic_011_01/0007_cam_02.png,happiness,train
SYN011,synthetic_011_01,7,cam_03,data/synthetic/crops/synthetic_011_01/0007_cam_03.png,happiness,train
SYN011,synthetic_011_01,7,cam_04,data/synthetic/crops/synthetic_011_01/0007_cam_04.png,happiness,train
